PC,Architecture,Interior,Landscape,Project Name,PS,AH,TCH,BH,DYT,PP,BUA,CD1 Start date,CD1 Planned End date,CD1 Ext end date,CD1 Deliverables,CD1 Allocated,CD1 Consumed,CD1 Stage Status,CD2 Start date,CD2 End date,CD2 Ext end date,CD2 Deliverables,CD2 Allocated,CD2 Consumed,CD2 Stage Status,CD3 Start date,CD3 End date,CD3 Ext end date,CD3 Deliverables,CD3 Allocated,CD3 Consumed,CD3 Stage Status,CD4 Start date,CD4 End date,CD4 Ext end date,CD4 Deliverables,CD4 Allocated,CD4 Consumed,CD4 Stage Status,CD5 Start date,CD5 End date,CD5 Ext end date,CD5 Deliverables,CD5 Allocated,CD5 Consumed,CD5 Stage Status,SD1 Start date,SD1 End date,SD1 Ext end date,SD1 Deliverables,SD1 Allocated,SD1  Consumed,SD1 Stage Status,SD2 Start date,SD2 End date,SD2 Ext end date,SD2 Deliverables,SD2 Allocated,SD2 Consumed,SD2 Stage Status,SD3 Start date,SD3 End date,SD3 Ext end date,SD3 Deliverables,SD3 Allocated,SD3 Consumed,SD3 Stage Status,SD4 Start date,SD4 End date,SD4 Ext end date,SD4 Deliverables,SD4 Allocated,SD4 Consumed,SD4 Stage Status,MC Start date,MC End date,MC Ext end date,MC Deliverables,MC Allocated,MC Consumed,MC Stage Status,AD Start date,AD End date,AD Ext end date,AD Deliverables,AD Allocated,AD Consumed,AD Stage Status,DD1 Start date,DD1 End date,DD1 Ext end date,DD1 Deliverables,DD1 Allocated,DD1 Consumed,DD1 Stage Status,DD2 Start date,DD2 End date,DD2 Ext end date,DD2 Deliverables,DD2 Allocated,DD2 Consumed,DD2 Stage Status,DD3 Start date,DD3 End date,DD3 Ext end date,DD3 Deliverables,DD3 Allocated,DD3 Consumed,DD3 Stage Status,DD4 Start date,DD4 End date,DD4 Ext end date,DD4 Deliverables,DD4 Allocated,DD4 Consumed,DD4 Stage Status,TD1 Start date,TD1 End date,TD1 Ext end date,TD1 Deliverables,TD1 Allocated,TD1 Consumed,TD1 Stage Status,TD2 Start date,TD2 End date,TD2 Ext end date,TD2 Deliverables,TD2 Allocated,TD2 Consumed,TD2 Stage Status,TD3 Start date,TD3 End date,TD3 Ext end date,TD3 Deliverables,TD3 Allocated,TD3 Consumed,TD3 Stage Status,TD4 Start date,TD4 End date,TD4 Ext end date,TD4 Deliverables,TD4 Allocated,TD4 Consumed,TD4 Stage Status,TD5 Start date,TD5 End date,TD5 Ext end date,TD5 Deliverables,TD5 Allocated,TD5 Consumed,TD5 Stage Status,WD20 Start date,WD20 End date,WD20 Ext end date,WD20 Deliverables,WD20 Allocated,WD20 Consumed,WD20 Stage Status,WD40 Start date,WD40 End date,WD40 Ext end date,WD40 Deliverables,WD40 Allocated,WD40 Consumed,WD40 Stage Status,WD60 Start date,WD60 End date,WD60 Ext end date,WD60 Deliverables,WD60 Allocated,WD60 Consumed,WD60 Stage Status,WD80 Start date,WD80 End date,WD80 Ext end date,WD80 Deliverables,WD80 Allocated,WD80 Consumed,WD80 Stage Status,WD100 Start date,WD100 End date,WD100 Ext end date,WD100 Deliverables,WD100 Allocated,WD100 Consumed,WD100 Stage Status,DC Start date,DC End date,DC Ext end date,DC Deliverables,DC Allocated,DC Consumed,DC Stage Status,CO Start date,CO End date,CO Ext end date,CO Deliverables,CO Allocated,CO Consumed,CO Stage Status
20009,Palin Sikari,Surabhi Garg,Not in scope,"H&S Page Three Residences, Noida",Active,6300,6706,-406,"Palin (2%), Alok(2%)",85%,126000,01-Mar-21,11-May-21,,,189,104,Complete,,,,,227,0,,09-Dec-21,18-Oct-24,,,189,700,Complete,,,,,151,0,Not in Scope,,,,,,,,02-Apr-21,11-Nov-22,,,378,65,Complete,04-Jul-22,22-Jul-22,,,271,20,Complete,03-Jan-22,27-Aug-24,,,214,193,Complete,15-Dec-21,04-Oct-24,,,214,59,Complete,15-Dec-21,04-Oct-24,,,314,54,Complete,01-Mar-21,30-Nov-21,,,315,312,Complete,05-May-21,12-Feb-24,,,378,787,Complete,08-Dec-21,02-Aug-24,,,271,546,Complete,19-Jan-22,01-Dec-23,,,214,56,Complete,14-Mar-22,03-Jul-24,,,,,Complete,13-Apr-21,14-Jun-24,,,132,52,Complete,,,,,13-Feb-00,0,,27-May-21,01-Mar-24,,,88,75,Complete,26-Feb-24,05-Mar-24,,,88,12,Complete,,,,,88,0,,07-May-21,30-Jan-23,,,139,456,Complete,11-Mar-22,02-Jan-24,,,277,396,Complete,10-Mar-22,03-Feb-25,,,416,941,Complete,03-Nov-22,08-May-25,,,271,231,Complete,19-Sep-24,25-Jun-25,,,271,700,Complete,02-Mar-22,17-Oct-25,,,630,694,,,,,,315,20,
21029,Palin Sikari,Not in scope,Pallavi Bharadwaj,"NBCC FCIL - Office Building, NOIDA",Active,0,7240,-7240,"Shivani(10%), Rohit(5%)",70%,121160,17-May-21,20-Jul-21,,,0,447,Complete,12-Oct-21,10-Feb-22,,,0,20,Complete,14-Jan-25,21-Jan-25,,,0,4,Complete,,,,,,,Complete,,,,,,,Complete,26-May-21,10-Oct-24,,,0,285,Complete,04-Sep-21,16-Sep-21,,,0,100,Complete,05-Apr-22,18-Jul-25,,,0,395,Complete,,,,,,,Complete,,,,,,,Complete,29-Jun-21,21-Sep-22,,,,585,Complete,05-Jul-21,23-Jun-23,,,,905,Complete,04-Jan-22,25-May-23,,,,237,Complete,11-Nov-22,02-Dec-22,,,,111,Complete,,,,,,,,30-Jun-21,23-Sep-22,,,,345,Complete,,,,,,2,,,,,,,,,13-Apr-23,18-Apr-23,,,,13,Complete,,,,,,,,15-Nov-21,27-Sep-23,,,,316,Complete,10-May-22,21-Jun-24,,,,342,Complete,25-May-22,31-Jul-25,,,,1082,Complete,,,,,,,,13-May-24,29-Aug-25,,,,1148,Complete,,,,,,399,,,,,,,38,
21044,Palin Sikari,Not in scope,Not in scope,"NBCC FSSAI, Ghaziabad",Closed,0,1786,-1786,,,775008,,,,,0,58,,,,,,0,0,,,,,,0,4,,,,,,0,0,,,,,,0,0,,,,,,0,240,,,,,,0,15,,,,,,0,0,,,,,,0,0,,,,,,0,0,,,,,,0,0,,,,,,0,6,,,,,,0,278,,,,,,0,0,,,,,,0,0,,,,,,0,0,,,,,,0,0,,,,,,0,0,,,,,,0,0,,,,,,0,0,,,,,,0,54,,,,,0,0,18,,,,,,0,695,,,,,,0,0,,,,,,0,82,,,,,,0,0,,,,,,0,6,
22049.1,Palin Sikari,"Himanshu Verma, Ashulika Arora, Surabhi Garg",Pallavi Bharadwaj,"M3M The Cullinan - MLU, NOIDA Sec-94",Active,48000,61779,-13779,"Alok, Sonam, Abhishek, Vishal, Avdaman, Anjali",25%,50000000,31-Oct-22,08-Nov-24,,,1680,922,,28-Nov-22,21-Aug-25,,,1728,780,,14-Jan-23,28-Oct-25,,,1152,861,,27-Feb-23,24-Jan-24,,,1152,951,,,,,,00-Jan-00,0,,06-May-25,11-Sep-25,30-Jan-26,,2880,4037,,25-Jun-25,11-Aug-25,11-Sep-25,,2064,3884,,19-Dec-22,04-Nov-25,,,1632,2630,,21-Aug-23,18-Dec-23,,,1632,63,,06-May-25,06-Dec-25,,,2400,241,,06-May-25,07-Oct-25,,,960,890,,07-Mar-25,31-Oct-25,13-Mar-26,,1680,4377,,21-Aug-25,31-Oct-25,,,1200,2871,,19-Apr-23,27-Oct-25,,,960,586,,06-Nov-23,27-Sep-25,,,960,52,,03-Mar-23,29-Aug-25,,,1008,154,,03-Mar-23,29-Aug-25,,,336,8,,27-Mar-25,16-Oct-25,,,672,248,,15-Aug-25,30-Sep-25,13-Mar-26,,672,2352,,01-Sep-25,30-Sep-25,,,672,0,,03-Apr-23,29-Sep-25,,,1056,2035,,01-Jun-23,14-Aug-25,07-Nov-25,,2112,7748,,17-Jul-25,15-Nov-25,17-Apr-26,,3168,17137,,03-Aug-23,07-Nov-25,,,2112,4857,,01-Sep-25,31-Dec-25,,,2112,5810,,01-Nov-25,30-Nov-27,,,9600,2182,,01-Nov-27,30-Nov-27,,,2400,0,
23065,Palin Sikari,Not in scope,Not in scope,"MKS Socio Centre, Rohini",Hold,5000,912,4088,,,474269,,,,,,,,,,,,,,,,,,,,,,,,,,,,,,,,,,,,,,,,,,,,,,,,,,,,,,,,,,,,,,,,,,,,,,,,,,,,,,,,,,,,,,,,,,,,,,,,,,,,,,,,,,,,,,,,,,,,,,,,,,,,,,,,,,,,,,,,,,,,,,,,,,,,,,,,,,,,,,,,,,,,,,,,,,,,,,,,,,,,,,,,,,,,,
23066,Palin Sikari,Surabhi Garg,Not in scope,"Atulit (Tulip Mall), Ranchi",Active,4100,5434,-1334,,,107600,19-Feb-24,21-Feb-24,,,148,24,,14-Jan-25,21-Jan-25,,,197,11,,08-Jan-24,15-May-24,,,148,329,,,,,,0,0,0,0,0,0,0,0,0,,21-Oct-23,17-Oct-24,,,279,129,,,,,,246,1,,18-Sep-23,31-Aug-24,,,172,295,,,,,,0,0,,,,,,205,0,,,,,,205,0,,05-Feb-24,09-Feb-24,,,131,517,,09-May-23,11-Jul-24,,,115,893,,29-May-23,21-Apr-25,,,82,444,,,,,,0,0,,,,,,111,0,,,,,,37,0,,23-May-24,10-Jun-24,,,49,52,,,,,,49,0,,,,,,0,0,,,,,,135,0,,06-Feb-23,01-Feb-24,,,226,17,,02-Feb-23,23-Oct-24,,,316,333,,,,,,0,0,,12-Sep-23,20-Aug-25,,,226,1277,,03-May-23,30-Oct-25,,,820,287,,,,,,205,1,
23087,Palin Sikari,Not in scope,Not in scope,"Trevana (Karyan) -GH, Ghaziabad",Active,12800,8069,4731,"Simple(100%), Avdaman(50%), Alok(25%), Shivani(90%)",27%,2286588,04-Mar-24,07-Nov-25,,,461,2095,Complete,15-Jul-25,01-Aug-25,,,614,242,Complete,22-Oct-24,19-Sep-25,15-Jan-26,,0,0,Complete,,,,,0,0,,,,,,0,0,,19-Jun-24,16-May-25,22-Jan-26,,858,3092,Complete,20-Aug-24,16-May-25,,,768,3209,Complete,19-Jun-24,15-Sep-25,,,550,668,Complete,,,,,0,0,,12-Aug-25,30-Sep-25,30-Jan-26,,640,61,Complete,11-Aug-24,30-Sep-25,,,640,3656,Complete,01-Sep-25,31-Oct-25,16-Feb-26,,410,1180,Complete,16-Sep-25,31-Oct-25,30-Jan-26,,358,348,,30-Sep-25,24-Dec-25,30-Mar-26,,256,16,,,,,,0,0,,29-Sep-25,20-Nov-25,31-Mar-26,,346,0,,10-Oct-25,20-Nov-25,31-Mar-26,,115,0,,10-Oct-25,20-Nov-25,31-Mar-26,,154,0,,10-Oct-25,30-Nov-25,31-Mar-26,,154,0,,,,,,0,0,,10-Oct-25,31-Oct-25,30-Jan-26,,422,93,,27-Oct-25,23-Dec-25,28-Feb-26,,704,0,,21-Nov-25,25-Feb-26,30-Apr-26,,986,0,,,,,,0,0,,30-Dec-25,31-Mar-26,15-May-26,,704,2,,01-Oct-25,31-Jan-27,,,2560,0,,01-Jan-27,31-Jan-27,,,640,0,
25132,Palin Sikari,Himanshu Verma,Not in scope,"Golf Estate(Jashn Realty) - Plotted Development, Lucknow",Active,16400,5493,10907,"Rohit, Akhil(85%), Anshuman(80%), Dishant, Rahul",19%,1861552,07-Jul-25,22-Aug-25,,,590,1139,,07-Jul-25,22-Aug-25,,,787,501,,25-Aug-25,01-Oct-25,01-Oct-25,,492,1165,,,,,,0,0,,14-Aug-25,31-Aug-25,,,98,0,,18-Aug-25,19-Sep-25,03-Oct-25,,1099,561,,15-Sep-25,03-Oct-25,01-Dec-25,,984,790,,02-Sep-25,30-Oct-25,,,705,93,,,,,,0,0,,04-Aug-25,30-Oct-25,,,820,152,,08-Sep-25,27-Oct-25,09-Oct-25,,820,105,,06-Oct-25,14-Nov-25,,,525,666,,08-Sep-25,14-Nov-25,,,459,151,,25-Aug-25,14-Nov-25,19-Dec-25,,328,323,,,,,,0,0,,24-Oct-25,21-Nov-25,,,443,78,,31-Oct-25,21-Nov-25,,,148,0,,07-Nov-25,21-Nov-25,,,197,10,,10-Nov-25,17-Nov-25,24-Dec-25,,197,125,,,,,,0,0,,29-Sep-25,28-Nov-25,,,541,106,,13-Oct-25,26-Dec-25,,,902,323,,20-Oct-25,09-Feb-26,,,1263,459,,,,,,0,0,,11-Nov-25,30-Nov-25,09-Feb-26,,902,268,,29-Sep-25,31-Dec-29,,,3280,0,,01-Mar-30,31-Mar-30,,,820,0,
25133,Palin Sikari,Himanshu Verma,Not in scope,"Golf Estate(Jashn Realty)  - Club, Lucknow",Active,6000,1642,4358,"Rohit(15%), Akhil(15%), Anshuman(20%)",18%,63563,21-May-25,07-Aug-25,,,210,3,Complete,21-May-25,07-Aug-25,,,288,0,Complete,01-Sep-25,15-Oct-25,30-Jan-26,,216,182,Complete,,,,,0,0,,,,,,0,0,,29-Sep-25,03-Oct-25,17-Oct-25,,408,23,Complete,29-Sep-25,17-Oct-25,,,360,8,Complete,16-Oct-25,20-Oct-25,09-Jan-26,,258,240,Complete,,,,,0,0,,06-Oct-25,31-Oct-25,14-Nov-25,,300,7,Complete,08-Oct-25,26-Oct-25,,,300,0,Complete,29-Oct-25,22-Nov-25,16-Jan-26,,192,169,Complete,29-Oct-25,22-Nov-25,16-Jan-26,,168,18,,27-Oct-25,21-Nov-25,27-Feb-26,,120,25,,,,,,0,0,,20-Nov-25,07-Dec-25,,,162,0,,20-Nov-25,07-Dec-25,,,54,0,,20-Nov-25,07-Dec-25,,,72,0,,20-Nov-25,07-Dec-25,06-Mar-26,,72,0,,,,,,0,0,,13-Nov-25,20-Nov-25,,,198,1,,24-Nov-25,26-Dec-25,,,330,5,,27-Nov-25,28-Dec-25,09-Feb-26,,462,4,,,,,,0,0,,01-Dec-25,26-Dec-25,01-May-26,,330,2,,01-Nov-25,31-Dec-26,,,1200,0,,01-Dec-26,31-Dec-26,,,300,0,
12002,Balraj Singh,Not in scope,Not in scope,Oasis Venetia,Closed,,,,,,,,,,,,,,,,,,,,,,,,,,,,,,,,,,,,,,,,,,,,,,,,,,,,,,,,,,,,,,,,,,,,,,,,,,,,,,,,,,,,,,,,,,,,,,,,,,,,,,,,,,,,,,,,,,,,,,,,,,,,,,,,,,,,,,,,,,,,,,,,,,,,,,,,,,,,,,,,,,,,,,,,,,,,,,,,,,,,,,,,,,,,,,,,,,,
18002,Balraj Singh,Not in scope,Not in scope,MKS Parking,Active,,,,,,,,,,,25,25,,,,,,30,25,,,,,,0,0,,,,,,0,0,,,,,,0,0,,,,,,48,217,,,,,,32,0,,,,,,0,0,,,,,,0,0,,,,,,25,0,,04-Feb-25,12-Feb-25,,,25,27,,,,,,48,46,,,,,,32,47,,,,,,0,0,,,,,,0,0,,,,,,18,1,,,,,,3,0,,10-Jan-22,31-Jan-22,,,9,10,,,,,,0,0,,,,,,0,0,,,,,,16,124,,,,,,37,126,,10-Sep-24,12-Sep-25,,,54,124,,,,,,0,0,,,,,,0,0,,16-Mar-21,31-Dec-26,,,75,37,,12-Jan-25,12-Jan-26,,,25,0,
18007,Balraj Singh,Not in scope,Not in scope,Ace Plot-G,Active,,,,,,,,,,,0,444,,,,,,0,122,,,,,,0,0,,,,,,0,0,,,,,,0,0,,,,,,0,929,,,,,,0,433,,,,,,0,0,,,,,,0,0,,,,,,0,0,,,,,,0,1238,,,,,,0,243,,,,,,0,541,,,,,,0,0,,,,,,0,0,,,,,,0,3,,,,,,0,0,,,,,,0,0,,,,,,0,0,,,,,,0,0,,,,,,0,430,,,,,,0,430,,,,,,0,430,,,,,,0,0,,,,,,0,0,,,,,,0,4,,,,,,0,1,
18001,Deepak Baxi,Not in scope,Not in scope,MKS County,Active,,,,,,,,,,,,,,,,,,,,,,,,,,,,,,,,,,,,,,,,,,,,,,,,,,,,,,,,,,,,,,,,,,,,,,,,,,,,,,,,,,,,,,,,,,,,,,,,,,,,,,,,,,,,,,,,,,,,,,,,,,,,,,,,,,,,,,,,,,,,,,,,,,,,,,,,,,,,,,,,,,,,,,,,,,,,,,,,,,,,,,,,,,,,,,,,,,,
19001,Balraj Singh,Not in scope,Not in scope,Spotlite Mall,Hold,,,,,,,24-Jun-25,12-Sep-25,,,148,0,,12-Sep-25,10-Oct-25,15-Jan-26,,197,0,,,,,,148,0,,,,,,0,0,,15-Oct-25,31-Oct-25,15-Jan-26,,0,0,,01-Nov-25,15-Dec-25,,,279,0,,16-Dec-25,31-Jan-26,,,246,0,,16-Dec-25,31-Jan-26,,,172,0,,,,,,0,0,,16-Jan-26,28-Feb-26,,,205,0,,15-Dec-25,16-Jan-26,,,205,0,,15-Dec-25,16-Jan-26,,,131,0,,15-Dec-25,15-Jan-26,,,115,0,,15-Dec-25,15-Jan-26,,,82,0,,,,,,0,0,,15-Dec-25,15-Jan-26,,,111,0,,15-Jan-26,15-Feb-26,,,37,0,,16-Feb-26,28-Feb-26,,,49,0,,,,,,49,0,,,,,,0,0,,16-Feb-26,28-Feb-26,,,135,0,,01-Mar-26,30-Apr-26,,,226,0,,01-Apr-26,30-Jun-26,,,316,0,,,,,,0,0,,,,,,226,0,,01-Feb-26,01-Feb-30,,,820,3,,01-Dec-29,01-Feb-30,,,205,0,
21035,Balraj Singh,Himanshu Verma,Pallavi Bharadwaj,Nirala Trio,Active,,,,"Bipin, Shalini",,,26-Aug-21,11-Oct-21,,,180,161,,21-Sep-21,02-Nov-21,,,240,47,,23-Apr-24,24-Oct-25,,,180,461,,,,,,0,0,,,,,,0,0,,05-Oct-21,18-Feb-22,,,340,125,,12-Nov-21,13-Apr-23,,,300,619,,17-Jun-24,17-Oct-25,,,210,45,,,,,,0,0,,,,,,250,0,,21-Oct-21,14-Oct-22,,,250,789,,,,,,160,0,,,,,,140,0,,19-Aug-25,17-Oct-25,07-Nov-25,,100,51,,,,,,0,0,,,,,,135,0,,,,,,45,0,,,,,,60,0,,25-Aug-25,30-Oct-25,07-Nov-25,,60,17,,,,,,0,0,,01-Mar-22,20-Jun-23,,,165,846,,19-Jun-23,01-May-24,,,275,258,,10-Jul-23,15-Oct-25,,,385,753,,,,,,0,0,,08-Sep-25,30-Oct-25,,,275,139,,17-Apr-23,28-Feb-27,,,1000,49,,01-Jan-27,28-Feb-27,,,250,184,
22013,Balraj Singh,Ashulika Arora,Pallavi Bharadwaj,"Mirabilis - GH, Ghaziabad",Active,,,,,,,06-May-22,12-Nov-24,,,537,8,,30-May-22,11-May-24,,,644,0,,07-Aug-23,15-Oct-25,15-Oct-25,,537,0,,19-Jul-22,31-Jul-25,,,430,0,,,,,,0,0,,19-Sep-22,13-Sep-25,,,1074,0,,11-Jul-22,11-Dec-24,,,770,0,,13-Oct-22,15-Nov-25,15-Nov-25,,609,0,,09-Sep-22,28-May-25,,,609,0,,17-Jul-23,05-Dec-23,,,895,0,,06-Jun-22,05-Nov-24,,,895,0,,01-Dec-23,02-May-25,,,1074,0,,24-Jan-24,28-Oct-25,,,770,62,,15-Oct-25,15-Dec-25,,,609,0,,01-Oct-25,30-Dec-25,,,609,64,,18-Nov-24,17-Jun-25,,,376,0,,,,,,125,0,,12-Apr-23,31-Dec-25,,,251,0,,01-Dec-25,30-Dec-25,,,251,0,,01-Jan-26,31-Jan-26,,,251,0,,22-Aug-23,30-Oct-25,17-Nov-25,,394,467,,17-Mar-25,31-Dec-25,,,788,35,,04-Dec-24,31-Mar-26,,,1181,5,,01-Mar-26,31-May-26,,,770,2,,01-Jan-26,28-Feb-26,,,770,0,,22-Dec-22,01-Jun-29,,,1790,17,,01-May-29,01-Jun-29,,,895,0,
22022.1,Balraj Singh,Not in scope,Not in scope,Ace Verde,Active,,,,,,,21-Oct-24,19-Jun-25,,,525,473,,05-Nov-24,17-Oct-25,,,630,38,,,,,,525,0,,,,,,420,0,,,,,,0,0,,16-Oct-24,31-Oct-25,,,1050,789,,12-Nov-24,19-Nov-24,,,752,3,,,,,,595,4,,,,,,595,0,,02-Dec-24,21-Jul-25,,,875,193,,04-Nov-24,10-Apr-25,,,875,546,,11-Feb-25,30-Dec-25,,,1050,1413,,14-Apr-25,30-Dec-25,,,752,359,,,,,,595,0,,,,,,595,0,,,,,,368,0,,,,,,122,0,,,,,,245,0,,,,,,245,0,,,,,,245,0,,07-Mar-25,31-Dec-25,,,385,911,,10-Mar-25,31-Mar-26,,,770,532,,01-Feb-26,30-Apr-26,,,1155,162,,01-Jan-26,30-Jun-26,,,752,0,,,,,,752,0,,01-Aug-25,31-Aug-29,,,1750,62,,01-Aug-29,31-Aug-29,,,875,152,
22022.2,Balraj Singh,Not in scope,Not in scope,Ace Acre Ville - Master Planning (100 Acre),Active,,,,,,,22-Jun-22,10-Sep-25,,,300,970,,02-Jun-23,04-Jul-25,,,360,339,,,,,,0,0,,,,,,0,0,,,,,,0,0,,24-Oct-24,07-Oct-25,,,576,32,,,,,,384,4,,,,,,0,0,,,,,,0,0,,10-Sep-24,13-Sep-24,,,300,15,,05-Jun-23,27-Sep-24,,,300,339,,05-May-25,03-Jul-25,,,576,55,,,,,,384,0,,,,,,0,0,,,,,,0,0,,,,,,216,0,,,,,,36,0,,,,,,108,0,,,,,,0,0,,,,,,0,0,,08-Jan-25,30-Apr-26,,,192,210,,18-Feb-25,26-Sep-25,,,444,170,,14-Apr-25,27-Oct-25,,,624,270,,,,,,0,0,,,,,,0,0,,06-Jun-25,30-Jun-26,,,900,50,,31-May-26,30-Jun-26,,,300,69,
22022.3,Balraj Singh,Not in scope,Not in scope,Ace Acre Ville - Banquet,Hold,,,,,,,04-Nov-24,13-Feb-25,,,40,155,,13-Jan-25,21-Feb-25,,,48,196,,,,,,0,0,,,,,,0,0,,,,,,0,0,,04-Nov-24,20-Feb-25,,,77,121,,,,,,51,0,,,,,,0,0,,,,,,0,0,,,,,,40,0,,28-Nov-24,28-Jan-25,,,40,105,,,,,,77,0,,18-Nov-24,03-Dec-24,,,51,103,,,,,,0,0,,,,,,0,0,,,,,,29,0,,,,,,5,0,,,,,,14,0,,,,,,0,0,,,,,,0,0,,18-Nov-24,26-Dec-24,,,26,40,,09-Dec-24,14-Dec-25,,,59,15,,13-Dec-24,07-Jan-25,,,83,24,,,,,,0,0,,,,,,0,0,,,,,,120,0,,,,,,40,0,
20003,Deepak Baxi,Not in scope,Not in scope,"ITD Cementation (Phase - 1) - GPRA, Kasturba Nagar New Delhi",Active,,,,,,,,,,,,,,,,,,,,,,,,,,,,,,,,,,,,,,,,,,,,,,,,,,,,,,,,,,,,,,,,,,,,,,,,,,,,,,,,,,,,,,,,,,,,,,,,,,,,,,,,,,,,,,,,,,,,,,,,,,,,,,,,,,,,,,,,,,,,,,,,,,,,,,,,,,,,,,,,,,,,,,,,,,,,,,,,,,,,,,,,,,,,,,,,,,,
20005,Deepak Baxi,Surabhi Garg,Not in scope,Palm Olympia,Active,,,,,,,,,,,,,,,,,,,,,,,,,,,,,,,,,,,,,,,,,,,,,,,,,,,,,,,,,,,,,,,,,,,,,,,,,,,,,,,,,,,,,,,,,,,,,,,,,,,,,,,,,,,,,,,,,,,,,,,,,,,,,,,,,,,,,,,,,,,,,,,,,,,,,,,,,,,,,,,,,,,,,,,,,,,,,,,,,,,,,,,,,,,,,,,,,,,
22027,Balraj Singh,Not in scope,Not in scope,Ace Terra - GH (11 Acres),Active,,,,,,,12-Jul-22,04-Jun-24,,,459,670,,06-Jul-23,02-May-24,,,551,343,,,,,,459,0,,,,,,367,0,,,,,,0,0,,07-Aug-23,19-Jun-25,,,918,853,,21-Sep-23,10-Oct-25,,,643,25,,,,,,520,0,,,,,,520,0,,,,,,765,0,,17-Jul-23,03-May-24,,,306,1054,,05-Dec-23,07-Jan-25,,,536,417,,06-Feb-24,07-Nov-25,,,382,307,,,,,,306,0,,,,,,306,0,,,,,,321,0,,,,,,107,0,,,,,,214,0,,,,,,214,0,,,,,,214,0,,15-Jan-24,04-Jul-25,,,337,494,,16-Sep-24,31-Dec-25,,,673,741,,18-Sep-24,31-Mar-26,,,1010,1170,,01-Feb-26,30-Apr-26,,,673,0,,,,,,673,0,,03-Jul-24,30-Apr-28,,,3060,241,,01-Aug-28,31-Aug-28,,,765,0,
21010,Ankit Bansal,Not in scope,Not in scope,DTC Vasant Vihar Delhi (EPC),Hold,,,,,,,,,,,,,,,,,,,,,,,,,,,,,,,,,,,,,,,,,,,,,,,,,,,,,,,,,,,,,,,,,,,,,,,,,,,,,,,,,,,,,,,,,,,,,,,,,,,,,,,,,,,,,,,,,,,,,,,,,,,,,,,,,,,,,,,,,,,,,,,,,,,,,,,,,,,,,,,,,,,,,,,,,,,,,,,,,,,,,,,,,,,,,,,,,,,
21010,Ankit Bansal,Not in scope,Not in scope,DTC Vasant Vihar (NBCC),Hold,,,,,,,,,,,,,,,,,,,,,,,,,,,,,,,,,,,,,,,,,,,,,,,,,,,,,,,,,,,,,,,,,,,,,,,,,,,,,,,,,,,,,,,,,,,,,,,,,,,,,,,,,,,,,,,,,,,,,,,,,,,,,,,,,,,,,,,,,,,,,,,,,,,,,,,,,,,,,,,,,,,,,,,,,,,,,,,,,,,,,,,,,,,,,,,,,,,
22057.1,Balraj Singh,Not in scope,Not in scope,"Ace Estate (68 Acres) - Master Planning, Yamuna Expressway, Greater NOIDA Sec-22D",Active,,,,,,,21-Dec-22,10-Sep-25,,,300,1003,,20-Dec-22,08-Oct-25,,,360,34,,,,,,0,0,,,,,,0,0,,,,,,0,0,,02-May-24,29-Sep-25,,,576,382,,,,,,384,0,,,,,,0,0,,,,,,0,0,,,,,,300,0,,,,,,300,338,,,,,,576,0,,,,,,384,0,,,,,,0,0,,,,,,0,0,,,,,,216,5,,,,,,36,0,,,,,,108,0,,,,,,0,0,,,,,,0,0,,17-Jul-24,29-Jul-25,,,192,462,,20-Jan-25,29-May-25,,,444,243,,19-May-25,01-Sep-25,,,624,309,,,,,,0,0,,,,,,0,0,,16-Dec-24,01-Jan-26,,,900,27,,01-Dec-25,01-Jan-26,,,300,3,
23057,Balraj Singh,Not in scope,Not in scope,Zurich Tower (Oasis Grand Stand- Phase 2),Hold,,,,,,,,,,,,,,,,,,,,,,,,,,,,,,,,,,,,,,,,,,,,,,,,,,,,,,,,,,,,,,,,,,,,,,,,,,,,,,,,,,,,,,,,,,,,,,,,,,,,,,,,,,,,,,,,,,,,,,,,,,,,,,,,,,,,,,,,,,,,,,,,,,,,,,,,,,,,,,,,,,,,,,,,,,,,,,,,,,,,,,,,,,,,,,,,,,,
23064,Balraj Singh,Surabhi Garg,Pallavi Bharadwaj,"Elite X - GH, Greater NOIDA",Active,,,,,,,06-Feb-23,02-Feb-24,,,441,1641,,03-Apr-23,02-Sep-25,,,529,183,,07-Jul-23,10-Oct-25,,,441,1984,,26-Jun-23,13-Mar-25,,,353,171,,,,,,0,0,,13-Apr-23,01-May-25,,,882,1575,,08-May-23,23-Apr-25,,,632,345,,27-Feb-24,20-Aug-25,,,500,207,,24-Jan-24,28-May-25,,,500,300,,12-Sep-23,23-Sep-25,,,735,348,,17-May-23,23-Dec-23,,,735,1012,,04-Dec-23,20-May-25,,,882,729,,08-Apr-24,16-May-25,,,632,658,,26-Mar-25,30-Oct-25,12-Sep-25,,14-May-01,13-Nov-00,,06-Aug-24,16-Jul-25,,,500,375,,06-Jul-23,06-Jul-23,,,309,1,,,,,,103,7,,,,,,206,496,,05-Jun-25,23-Sep-25,,,206,0,,,,,,206,0,,28-Jul-23,05-Sep-25,,,323,759,,08-Aug-24,10-Sep-25,,,647,539,,17-Sep-24,06-Oct-25,,,970,869,,24-Feb-24,01-Oct-25,,,632,1258,,13-Jan-25,30-Nov-25,,,632,1710,,05-Jul-24,28-Sep-28,,,1470,985,,01-Nov-28,30-Nov-28,,,735,2,
23077,Balraj Singh,Not in scope,Not in scope,"Azalea 10 Acres - GH, Ghaziabad",Hold,,,,,,,,,,,,,,,,,,,,,,,,,,,,,,,,,,,,,,,,,,,,,,,,,,,,,,,,,,,,,,,,,,,,,,,,,,,,,,,,,,,,,,,,,,,,,,,,,,,,,,,,,,,,,,,,,,,,,,,,,,,,,,,,,,,,,,,,,,,,,,,,,,,,,,,,,,,,,,,,,,,,,,,,,,,,,,,,,,,,,,,,,,,,,,,,,,,
23078,Balraj Singh,Not in scope,Not in scope,Orris Monarque - GH,Hold,,,,,,,,,,,,,,,,,,,,,,,,,,,,,,,,,,,,,,,,,,,,,,,,,,,,,,,,,,,,,,,,,,,,,,,,,,,,,,,,,,,,,,,,,,,,,,,,,,,,,,,,,,,,,,,,,,,,,,,,,,,,,,,,,,,,,,,,,,,,,,,,,,,,,,,,,,,,,,,,,,,,,,,,,,,,,,,,,,,,,,,,,,,,,,,,,,,
21041,Deepak Baxi,Deepak Baxi,Not in scope,"M3M DDJAY Antalya (45 Acre) - GH, Gurugram Sec-79/79B",Active,,,,,,,,,,,,,,,,,,,,,,,,,,,,,,,,,,,,,,,,,,,,,,,,,,,,,,,,,,,,,,,,,,,,,,,,,,,,,,,,,,,,,,,,,,,,,,,,,,,,,,,,,,,,,,,,,,,,,,,,,,,,,,,,,,,,,,,,,,,,,,,,,,,,,,,,,,,,,,,,,,,,,,,,,,,,,,,,,,,,,,,,,,,,,,,,,,,
24092,Balraj Singh,TBD,Pallavi Bharadwaj,Northwind Sanctuary - GH ,Active,,,,,,,17-Apr-24,28-Oct-25,,,,,,12-Sep-24,12-Sep-24,,,,,,05-Aug-24,30-Sep-25,30-Nov-25,,,,,17-Jun-24,18-Jun-25,,,,,,,,,,,,,03-Jun-24,11-Sep-25,,,,,,21-Jun-24,21-Jun-24,,,,,,12-Jun-24,30-Sep-25,30-Nov-25,,,,,14-Apr-25,06-Oct-25,,,,,,14-Dec-24,25-Jul-25,,,,,,28-Oct-24,30-Jan-25,,,,,,27-Jan-25,15-Apr-25,,,,,,,,,,,,,01-Oct-25,30-Oct-25,15-Dec-25,,,,,04-Oct-24,30-Jan-26,,,,,,05-May-25,19-May-25,,,,,,,,,,,,,,,,,,,,10-Oct-25,16-Oct-25,30-Oct-25,,,,,01-Feb-26,28-Feb-26,,,,,,16-May-25,30-Oct-25,,,,,,16-May-25,30-Oct-25,,,,,,18-Aug-25,10-Nov-25,,,,,,15-Feb-26,30-May-26,,,,,,15-Oct-25,30-Nov-25,,,,,,25-Mar-25,31-Aug-28,,,,,,30-Jul-28,30-Aug-28,,,,,
24095,Balraj Singh,Surabhi Garg,Pallavi Bharadwaj,"Ace Hanei 6.5 Acres - GH, Greater NOIDA Sec-12",Active,,,,,,,03-Oct-23,19-Jul-24,,,,,,11-Jun-24,11-Jun-24,,,,,,21-May-24,11-Jun-24,,,,,,26-Apr-24,22-Jul-24,,,,,,,,,,,,,13-May-24,08-Oct-24,,,,,,08-May-24,22-Jan-25,,,,,,30-May-24,11-Jul-24,,,,,,,,,,,,,29-May-24,12-Nov-24,,,,,,24-May-24,26-Jul-24,,,,,,14-May-24,03-Dec-24,,,,,,27-May-25,06-Jun-25,,,,,,20-Jun-24,25-Jul-24,,,,,,05-Aug-24,05-Aug-24,,,,,,25-Jun-24,10-Mar-25,,,,,,,,,,,,,,,,,,,,,,,,,,,,,,,,,,29-Apr-24,25-Jun-25,,,,,,23-Jan-25,13-Oct-25,,,,,,07-Oct-24,30-Apr-26,,,,,,22-Jul-24,30-Apr-26,,,,,,,,,,,,,06-Aug-25,30-Sep-29,,,,,,30-Aug-29,30-Sep-29,,,,,
24099,Balraj Singh,Not in scope,Not in scope,"Adani Veris, Gurugram",Active,,,,,,,27-Sep-23,21-Jan-25,,,,,,08-Jul-24,27-Mar-25,,,,,,07-Oct-24,04-Nov-24,,,,,,24-Oct-24,24-Oct-24,,,,,,,,,,,,,08-Aug-24,24-Apr-25,,,,,,02-Aug-24,31-Jan-25,,,,,,13-Aug-24,17-Jan-25,,,,,,17-Oct-24,22-Jan-25,,,,,,18-Feb-25,25-Feb-25,,,,,,25-Sep-24,13-Jun-25,,,,,,06-Jan-25,17-Sep-25,,,,,,17-Feb-25,17-Sep-25,,,,,,27-Jan-25,21-Mar-25,,,,,,19-Aug-25,30-Aug-25,,,,,,18-Sep-24,10-Nov-25,,,,,,19-May-25,07-Oct-25,,,,,,29-Sep-25,28-Nov-25,,,,,,17-Mar-25,28-Nov-25,,,,,,05-Aug-25,28-Nov-25,,,,,,26-Aug-25,15-Sep-25,10-Dec-25,,,,,05-Sep-25,30-Sep-25,31-Dec-25,,,,,30-Sep-25,31-Oct-25,,,,,,31-Oct-25,30-Nov-25,,,,,,31-Aug-25,30-Sep-25,,,,,,08-Sep-25,31-Aug-28,,,,,,30-Jun-28,31-Aug-28,,,,,
22010.1,Ankit Bansal,Not in scope,Not in scope,"Faculty of Technology(FOT), DU- North Campus (EPC)",Active,,,,,,,,,,,,,,,,,,,,,,,,,,,,,,,,,,,,,,,,,,,,,,,,,,,,,,,,,,,,,,,,,,,,,,,,,,,,,,,,,,,,,,,,,,,,,,,,,,,,,,,,,,,,,,,,,,,,,,,,,,,,,,,,,,,,,,,,,,,,,,,,,,,,,,,,,,,,,,,,,,,,,,,,,,,,,,,,,,,,,,,,,,,,,,,,,,,
22010.2,Ankit Bansal,Not in scope,Not in scope,"Faculty of Technology(FOT), DU- North Campus (NBCC)",Active,,,,,,,,,,,,,,,,,,,,,,,,,,,,,,,,,,,,,,,,,,,,,,,,,,,,,,,,,,,,,,,,,,,,,,,,,,,,,,,,,,,,,,,,,,,,,,,,,,,,,,,,,,,,,,,,,,,,,,,,,,,,,,,,,,,,,,,,,,,,,,,,,,,,,,,,,,,,,,,,,,,,,,,,,,,,,,,,,,,,,,,,,,,,,,,,,,,
22010.3,Ankit Bansal,Not in scope,Not in scope,"Institute of Eminence (IOE),DU-  North Campus Delhi, (NBCC)",Closed,,,,,,,,,,,,,,,,,,,,,,,,,,,,,,,,,,,,,,,,,,,,,,,,,,,,,,,,,,,,,,,,,,,,,,,,,,,,,,,,,,,,,,,,,,,,,,,,,,,,,,,,,,,,,,,,,,,,,,,,,,,,,,,,,,,,,,,,,,,,,,,,,,,,,,,,,,,,,,,,,,,,,,,,,,,,,,,,,,,,,,,,,,,,,,,,,,,
24106,Balraj Singh,TBD,Not in scope,"Vaidpura-GH, Greater Noida",Hold,,,,,,,,,,,,,,,,,,,,,,,,,,,,,,,,,,,,,,,,,,,,,,,,,,,,,,,,,,,,,,,,,,,,,,,,,,,,,,,,,,,,,,,,,,,,,,,,,,,,,,,,,,,,,,,,,,,,,,,,,,,,,,,,,,,,,,,,,,,,,,,,,,,,,,,,,,,,,,,,,,,,,,,,,,,,,,,,,,,,,,,,,,,,,,,,,,,
22020,Ankit Bansal,Not in scope,Not in scope,"Gulshan Dynasty - GH, Moradabad",Dropped,,,,,,,,,,,,,,,,,,,,,,,,,,,,,,,,,,,,,,,,,,,,,,,,,,,,,,,,,,,,,,,,,,,,,,,,,,,,,,,,,,,,,,,,,,,,,,,,,,,,,,,,,,,,,,,,,,,,,,,,,,,,,,,,,,,,,,,,,,,,,,,,,,,,,,,,,,,,,,,,,,,,,,,,,,,,,,,,,,,,,,,,,,,,,,,,,,,
25123,Balraj Singh,Not in scope,Not in scope,"RST Commercial, YEIDA",Hold,,,,,,,06-Feb-25,02-Aug-25,,,,,,,,,,,,,18-Aug-25,30-Sep-25,,,,,,18-Aug-25,30-Sep-25,,,,,,15-Sep-25,30-Sep-25,,,,,,09-Jul-25,15-Sep-25,,,,,,05-Aug-25,15-Sep-25,,,,,,01-Oct-25,31-Oct-25,,,,,,01-Oct-25,31-Oct-25,,,,,,15-Sep-25,15-Oct-25,,,,,,18-Aug-25,15-Sep-25,,,,,,15-Sep-25,31-Oct-25,,,,,,15-Sep-25,31-Oct-25,,,,,,15-Sep-25,31-Oct-25,,,,,,15-Sep-25,31-Oct-25,,,,,,31-Oct-25,15-Nov-25,,,,,,31-Oct-25,15-Nov-25,,,,,,31-Oct-25,15-Nov-25,,,,,,31-Oct-25,15-Nov-25,,,,,,31-Oct-25,15-Nov-25,,,,,,01-Nov-25,15-Dec-25,,,,,,01-Nov-25,01-Dec-25,,,,,,01-Dec-25,01-Feb-26,,,,,,15-Nov-25,31-Dec-25,,,,,,15-Nov-25,31-Dec-25,,,,,,15-Nov-25,15-Nov-28,,,,,,15-Oct-28,15-Nov-28,,,,,
15001,Dakshit Bajaj,Not in scope,Pallavi Bharadwaj,Shri Radha Aqua Garden,Active,,,,,,,,,,,,,,,,,,,,,,,,,,,,,,,,,,,,,,,,,,,,,,,,,,,,,,,,,,,,,,,,,,,,,,,,,,,,,,,,,,,,,,,,,,,,,,,,,,,,,,,,,04-Oct-23,22-Jan-24,,,,,,,,,,,,,,,,,,,,,,,,,,,,,,,,,,,,,,,,,17-Jun-24,02-Aug-24,,,,,,01-Aug-25,27-Sep-25,,,,,,15-May-25,25-Jul-25,,,,,,01-Feb-25,11-Mar-25,,,,,,,,,,,,,10-May-24,31-Aug-27,,,,,,01-Jul-27,31-Jul-27,,,,,
17002,Dakshit Bajaj,TBD,TBD,Nucleus City - GH,Hold,,,,,,,,,,,,,,,,,,,,,,,,,,,,,,,,,,,,,,,,,,,,,,,,,,,,,,,,,,,,,,,,,,,,,,,,,,,,,,,,,,,,,,,,,,,,,,,,,,,,,,,,,,,,,,,,,,,,,,,,,,,,,,,,,,,,,,,,,,,,,,,,,,,,,,,,,,,,,,,,,,,,,,,,,,,,,,,,,,,,,,,,,,,,,,,,,,,
19005,Dakshit Bajaj,Not in scope,Not in scope,Gulshan Dynasty,Active,,,,,,,06-Apr-22,08-Apr-22,,,,,,05-Apr-22,06-May-22,,,,,,17-Jan-22,07-Mar-22,,,,,,,,,,,,,,,,,,,,04-Mar-21,06-Jan-22,,,,,,,,,,,,,04-Oct-21,23-Feb-22,,,,,,15-Mar-21,03-Apr-24,,,,,,,,,,,,,,,,,,,,,,,,,,,10-Jan-22,17-Jan-22,,,,,,17-May-22,15-Mar-23,,,,,,27-Jun-22,07-Jul-22,,,,,,,,,,,,,,,,,,,,21-Aug-24,28-Aug-24,,,,,,23-Dec-21,24-Dec-21,,,,,,26-Aug-21,26-Nov-24,,,,,,24-May-21,03-Jun-22,,,,,,21-Jun-21,01-Aug-23,,,,,,10-Mar-21,19-Apr-23,,,,,,17-Aug-21,05-Apr-24,,,,,,29-Oct-21,24-Jan-24,,,,,,01-Mar-21,31-Oct-25,,,,,,20-Jun-23,24-Oct-25,,,,,
22025,Not in scope,Surabhi Garg,Not in scope,"The G by Gulshan, Noida Sec-129 (interior)",Active,,,,,,,,,,,,,,,,,,,,,,,,,,,,,,,,,,,,,,,,,,,,,,,,,,,,,,,,,,,,,,,,,,,,,,,,,,,,,,,,,,,,,,,,,,,,,,,,,,,,,,,,,,,,,,,,,,,,,,,,,,,,,,,,,,,,,,,,,,,,,,,,,,,,,,,,,,,,,,,,,,,,,,,,,,,,,,,,,,,,,,,,,,,,,,,,,,,
21016,Dakshit Bajaj,Surabhi Garg,Not in scope,"Omaxe Royal Signature - GH, Ludhiana",Active,,,,,,,01-Mar-21,18-Aug-21,,,,,,01-Jun-21,10-Sep-21,,,,,,05-Feb-24,06-Aug-25,,,,,,,,,,,,,,,,,,,,01-Apr-21,23-Nov-23,,,,,,17-Aug-21,14-Mar-22,,,,,,,,,,,,,,,,,,,,09-May-22,14-Sep-24,,,,,,13-Jul-21,04-Jun-22,,,,,,13-Jul-21,09-Nov-23,,,,,,30-Dec-21,02-Aug-23,,,,,,,,,,,,,,,,,,,,06-Feb-23,23-Feb-23,,,,,,,,,,,,,,,,,,,,,,,,,,,,,,,,,,03-Nov-22,28-Jun-24,,,,,,06-Nov-23,27-Oct-25,,,,,,02-Jan-24,31-Dec-25,,,,,,,,,,,,,,,,,,,,04-Jan-22,31-Oct-28,,,,,,01-Oct-28,31-Oct-28,,,,,
22033,Ankit Bansal,TBD,TBD,"Mixed Use Development, Lagos Nigeria",Hold,,,,,,,,,,,,,,,,,,,,,,,,,,,,,,,,,,,,,,,,,,,,,,,,,,,,,,,,,,,,,,,,,,,,,,,,,,,,,,,,,,,,,,,,,,,,,,,,,,,,,,,,,,,,,,,,,,,,,,,,,,,,,,,,,,,,,,,,,,,,,,,,,,,,,,,,,,,,,,,,,,,,,,,,,,,,,,,,,,,,,,,,,,,,,,,,,,,
22034,TBD,TBD,Pallavi Bharadwaj,"Mansion, Abuja Nigeria",Hold,,,,,,,,,,,,,,,,,,,,,,,,,,,,,,,,,,,,,,,,,,,,,,,,,,,,,,,,,,,,,,,,,,,,,,,,,,,,,,,,,,,,,,,,,,,,,,,,,,,,,,,,,,,,,,,,,,,,,,,,,,,,,,,,,,,,,,,,,,,,,,,,,,,,,,,,,,,,,,,,,,,,,,,,,,,,,,,,,,,,,,,,,,,,,,,,,,,
21017,Dakshit Bajaj,Not in scope,Not in scope,"Omaxe The Lake, Chandigarh",Active,,,,,,,01-Mar-21,16-Jun-24,,,,,,01-Mar-21,18-Sep-21,,,,,,04-Mar-21,20-Jun-25,,,,,,,,,,,,,,,,,,,,24-May-21,25-Feb-25,,,,,,,,,,,,,18-May-21,05-May-23,,,,,,,,,,,,,,,,,,,,,,,,,,,,,,,,,,05-Apr-21,01-Jul-22,,,,,,31-May-21,29-Jul-21,,,,,,,,,,,,,06-Nov-24,09-Nov-24,,,,,,,,,,,,,23-Jul-21,23-Nov-22,,,,,,,,,,,,,,,,,,,,26-Mar-21,06-Jul-21,,,,,,18-May-21,30-Sep-22,,,,,,05-Apr-21,30-Jan-25,,,,,,,,,,,,,05-Apr-21,22-Aug-25,,,,,,,,,,,,,,,,,,,
22046,Not in scope,Himanshu Verma,Not in scope,"Atulyam The Bliss, Mohali",Active,,,,,,,21-Apr-25,26-Apr-25,,,,,,17-Feb-25,21-Feb-25,,,,,,10-Nov-22,12-Aug-25,,,,,,16-Aug-23,16-Feb-24,,,,,,,,,,,,,,,,,,,,,,,,,,,20-Oct-22,18-Jul-25,,,,,,,,,,,,,,,,,,,,,,,,,,,,,,,,,,,,,,,,,06-Jan-23,29-Jul-25,,,,,,,,,,,,,,,,,,,,23-Jun-25,27-Jun-25,,,,,,,,,,,,,13-Feb-23,25-Jul-25,,,,,,,,,,,,,,,,,,,,,,,,,,,28-Aug-23,31-Aug-23,,,,,,12-Jun-23,18-Jul-23,,,,,,27-Jan-23,31-Oct-25,,,,,,07-Feb-23,31-Dec-25,,,,,,,,,,,,
22048,Eshaan Goyal,TBD,TBD,"Mansion, Albania Nigeria",Hold,,,,,,,,,,,,,,,,,,,,,,,,,,,,,,,,,,,,,,,,,,,,,,,,,,,,,,,,,,,,,,,,,,,,,,,,,,,,,,,,,,,,,,,,,,,,,,,,,,,,,,,,,,,,,,,,,,,,,,,,,,,,,,,,,,,,,,,,,,,,,,,,,,,,,,,,,,,,,,,,,,,,,,,,,,,,,,,,,,,,,,,,,,,,,,,,,,,
22049.2,Not in scope,Ashulika Arora,Not in scope,"M3M The Cullinan - Club Interior, NOIDA Sec-94",Active,,,,,,,,,,,,,,,,,,,,,,,,,,,,,,,,,,,,,,,,,,,,,,,,,,,,,,,,,,,,,,,,,,,,,,,,,,,,,,,,,,,,,,,,,,,,,,,,,,,,,,,,,,,,,,,,,,,,,,,,,,,,,,,,,,,,,,,,,,,,,,,,,,,,,,,,,,,,,,,,,,,,,,,,,,,,,,,,,,,,,,,,,,,,,,,,,,,
22054,Ankit Bansal,Not in scope,TBD,"NBCC NIT, Sikkim",Active,,,,,,,,,,,,,,,,,,,,,,,,,,,,,,,,,,,,,,,,,,,,,,,,,,,,,,,,,,,,,,,,,,,,,,,,,,,,,,,,,,,,,,,,,,,,,,,,,,,,,,,,,,,,,,,,,,,,,,,,,,,,,,,,,,,,,,,,,,,,,,,,,,,,,,,,,,,,,,,,,,,,,,,,,,,,,,,,,,,,,,,,,,,,,,,,,,,
21018,Dakshit Bajaj,Surabhi Garg,Not in scope,Omaxe International Trade Tower (INTT),Active,,,,,,,01-Mar-21,17-Jun-24,,,,,,02-Mar-21,09-Jun-22,,,,,,15-Apr-21,20-Jun-23,,,,,,,,,,,,,,,,,,,,07-Jun-21,01-Jul-22,,,,,,07-Jun-21,02-Sep-21,,,,,,07-Jun-21,02-Sep-21,,,,,,,,,,,,,,,,,,,,07-Mar-22,11-Mar-22,,,,,,10-Mar-21,24-Apr-24,,,,,,,,,,,,,19-Mar-21,25-Mar-22,,,,,,,,,,,,,10-May-21,02-Jul-21,,,,,,,,,,,,,01-Jul-21,17-Oct-22,,,,,,13-Jul-21,06-Jun-22,,,,,,,,,,,,,,,,,,,,08-Apr-21,31-Jan-25,,,,,,23-Jun-21,03-Feb-25,,,,,,,,,,,,,31-Jan-22,15-Oct-24,,,,,,17-Jul-21,31-Dec-27,,,,,,01-Dec-27,31-Dec-27,,,,,
21037,Dakshit Bajaj,Surabhi Garg,Pallavi Bharadwaj,"Matrix Mall - Commercial, Ranchi",Active,,,,,,,28-Sep-21,10-Dec-21,,,,,,11-Oct-21,21-Jan-22,,,,,,18-Jan-22,08-Feb-25,,,,,,04-Dec-24,25-Sep-25,,,,,,,,,,,,,29-Nov-21,22-Dec-21,,,,,,27-Dec-21,02-Dec-24,,,,,,28-Mar-22,30-Dec-22,,,,,,02-Jan-23,13-Jan-23,,,,,,09-May-22,22-Aug-22,,,,,,,,,,,,,17-Feb-22,28-Nov-23,,,,,,16-May-22,16-Apr-23,,,,,,03-May-22,14-Apr-23,,,,,,11-Jul-22,26-Sep-25,,,,,,08-Feb-25,03-Nov-25,,,,,,,,,,,,,20-Jan-25,21-Jan-25,,,,,,,,,,,,,,,,,,,,21-Jul-22,12-Feb-24,,,,,,18-Oct-22,03-Nov-25,,,,,,03-Apr-23,31-Oct-25,,,,,,12-Dec-23,06-Nov-25,,,,,,12-Mar-24,01-Oct-25,,,,,,20-Sep-22,31-Dec-26,,,,,,01-Dec-26,31-Dec-26,,,,,
21049,Dakshit Bajaj,TBD,TBD,Gulshan Majesty,Hold,,,,,,,,,,,,,,,,,,,,,,,,,,,,,,,,,,,,,,,,,,,,,,,,,,,,,,,,,,,,,,,,,,,,,,,,,,,,,,,,,,,,,,,,,,,,,,,,,,,,,,,,,,,,,,,,,,,,,,,,,,,,,,,,,,,,,,,,,,,,,,,,,,,,,,,,,,,,,,,,,,,,,,,,,,,,,,,,,,,,,,,,,,,,,,,,,,,
23060,Ashulika Arora,Ashulika Arora,Pallavi Bharadwaj,"RT Residence, Moradabad",Active,,,,,,,,,,,,,,,,,,,,,,,,,,,,,,,,,,,,,,,,,,,,,,,,,,,,,,,,,,,,,,,,,,,,,,,,,,,,,,,,,,,,,,,,,,,,,,,,,,,,,,,,,,,,,,,,,,,,,,,,,,,,,,,,,,,,,,,,,,,,,,,,,,,,,,,,,,,,,,,,,,,,,,,,,,,,,,,,,,,,,,,,,,,,,,,,,,,
21052,Dakshit Bajaj,Not in scope,Not in scope,"Ivory County - GH, NOIDA Sec-115",Active,,,,,,,10-Sep-21,06-Sep-23,,,,,,01-Nov-22,14-Oct-25,,,,,,,,,,,,,,,,,,,,,,,,,,,06-Jun-23,25-Jun-25,,,,,,13-Feb-23,02-Apr-24,,,,,,,,,,,,,,,,,,,,,,,,,,,16-Jan-23,01-Aug-25,,,,,,13-Mar-23,30-Nov-25,,,,,,05-Apr-23,30-Nov-25,,,,,,,,,,,,,,,,,,,,30-Dec-22,02-Dec-24,,,,,,,,,,,,,11-Jul-23,20-Jul-23,,,,,,,,,,,,,,,,,,,,16-Mar-23,17-Sep-25,15-Dec-25,,,,,30-Oct-23,31-Dec-25,,,,,,25-Aug-23,31-Jan-26,,,,,,,,,,,,,,,,,,,,20-Sep-23,31-Dec-29,,,,,,01-Dec-29,31-Dec-29,,,,,
22001,Dakshit Bajaj,Ashulika Arora,Pallavi Bharadwaj,Arihant One - GH,Active,,,,,,,10-Jan-22,08-Jun-22,,,,,,21-Mar-22,24-May-22,,,,,,04-May-23,26-Feb-25,,,,,,14-Jun-22,12-Sep-24,,,,,,,,,,,,,28-Mar-22,02-Mar-23,,,,,,09-Mar-22,10-Mar-23,,,,,,08-Jun-22,08-Dec-23,,,,,,09-Jun-22,03-Nov-23,,,,,,29-Jan-24,09-Feb-24,,,,,,18-Apr-22,23-Sep-22,,,,,,27-Jun-22,02-May-24,,,,,,22-Aug-22,25-Sep-24,,,,,,09-Nov-22,25-Sep-24,,,,,,22-May-23,14-Oct-24,,,,,,,,,,,,,,,,,,,,25-Apr-23,27-Apr-23,,,,,,,,,,,,,16-Oct-23,19-Dec-23,,,,,,25-Aug-22,31-Oct-25,,,,,,31-Aug-22,07-Nov-25,,,,,,02-May-23,07-Nov-25,,,,,,01-Sep-25,30-Dec-25,,,,,,06-Jun-23,29-Sep-25,,,,,,07-Sep-22,31-Mar-27,,,,,,01-Mar-27,31-Mar-27,,,,,
23070.2,Not in scope,Ashulika Arora,Not in scope,"Gaur NYC Manhattan - Experience Center, Ghaziabad",Closed,,,,,,,,,,,,,,,,,,,,,,,,,,,,,,,,,,,,,,,,,,,,,,,,,,,,,,,,,,,,,,,,,,,,,,,,,,,,,,,,,,,,,,,,,,,,,,,,,,,,,,,,,,,,,,,,,,,,,,,,,,,,,,,,,,,,,,,,,,,,,,,,,,,,,,,,,,,,,,,,,,,,,,,,,,,,,,,,,,,,,,,,,,,,,,,,,,,
23070.3,Not in scope,Not in scope,Pallavi Bharadwaj,"Gaur NYC Manhattan - Landscape, Ghaziabad",Active,,,,,,,,,,,,,,,,,,,,,,,,,,,,,,,,,,,,,,,,,,,,,,,,,,,,,,,,,,,,,,,,,,,,,,,,,,,,,,,,,,,,,,,,,,,,,,,,,,,,,,,,,,,,,,,,,,,,,,,,,,,,,,,,,,,,,,,,,,,,,,,,,,,,,,,,,,,,,,,,,,,,,,,,,,,,,,,,,,,,,,,,,,,,,,,,,,,
22036,Dakshit Bajaj,Not in scope,Not in scope,"Cocoa County, Gurugram Sec-88A",Active,,,,,,,25-Aug-22,02-Sep-25,,,,,,18-Oct-22,09-Sep-25,,,,,,,,,,,,,,,,,,,,,,,,,,,29-Sep-23,30-Jun-25,,,,,,17-Jul-24,07-Mar-25,,,,,,,,,,,,,,,,,,,,23-Sep-25,23-Sep-25,,,,,,17-Jul-23,18-Sep-25,30-Sep-25,,,,,01-Oct-25,31-Dec-25,,,,,,01-Oct-25,31-Dec-25,,,,,,,,,,,,,,,,,,,,01-Sep-25,30-Sep-25,10-Nov-25,,,,,01-Sep-25,30-Sep-25,10-Nov-25,,,,,01-Sep-25,30-Sep-25,10-Nov-25,,,,,,,,,,,,,,,,,,,01-Oct-25,31-Dec-25,,,,,,01-Jan-26,28-Feb-26,,,,,,01-Mar-26,30-Jun-26,,,,,,,,,,,,,,,,,,,,01-Jul-26,30-Jan-30,,,,,,01-Jan-30,30-Jan-30,,,,,
23072,Ashulika Arora,Ashulika Arora,Pallavi Bharadwaj,"Ahuja Residence, GK-1, New Delhi",Active,,,,,,,,,,,,,,,,,,,,,,,,,,,,,,,,,,,,,,,,,,,,,,,,,,,,,,,,,,,,,,,,,,,,,,,,,,,,,,,,,,,,,,,,,,,,,,,,,,,,,,,,,,,,,,,,,,,,,,,,,,,,,,,,,,,,,,,,,,,,,,,,,,,,,,,,,,,,,,,,,,,,,,,,,,,,,,,,,,,,,,,,,,,,,,,,,,,
23075,Saurabh Joshi,Surabhi Garg,Pallavi Bharadwaj,"Ram Rajyam (H&S Township), Ayodhya",Active,,,,,,,,,,,,,,,,,,,,,,,,,,,,,,,,,,,,,,,,,,,,,,,,,,,,,,,,,,,,,,,,,,,,,,,,,,,,,,,,,,,,,,,,,,,,,,,,,,,,,,,,,,,,,,,,,,,,,,,,,,,,,,,,,,,,,,,,,,,,,,,,,,,,,,,,,,,,,,,,,,,,,,,,,,,,,,,,,,,,,,,,,,,,,,,,,,,
23070.1,Dakshit Bajaj,Ashulika Arora,Not in scope,"Gaur NYC Manhattan - GH, Ghaziabad",Active,,,,,,,03-Mar-23,31-Jul-25,,,,,,28-Mar-23,03-May-24,,,,,,,,,,,,,,,,,,,,,,,,,,,25-Apr-23,30-Aug-24,,,,,,26-Feb-24,21-May-24,,,,,,,,,,,,,,,,,,,,07-Dec-23,26-Aug-24,,,,,,23-May-23,28-Aug-24,,,,,,06-Nov-23,02-Apr-25,,,,,,06-Mar-24,01-Oct-24,,,,,,,,,,,,,,,,,,,,15-May-24,15-Oct-24,,,,,,15-May-25,15-Oct-25,,,,,,22-Jul-24,11-Sep-25,,,,,,,,,,,,,,,,,,,,17-Jun-24,11-Sep-25,,,,,,02-Sep-24,30-Oct-25,,,,,,01-Oct-24,30-Dec-25,,,,,,,,,,,,,,,,,,,,01-Feb-25,01-Feb-29,,,,,,01-Jan-29,01-Feb-29,,,,,
23071,Dakshit Bajaj,Surabhi Garg,Not in scope,"The Kingstown Heights (Navraj), Gurgaon",Hold,,,,,,,,,,,,,,,,,,,,,,,,,,,,,,,,,,,,,,,,,,,,,,,,,,,,,,,,,,,,,,,,,,,,,,,,,,,,,,,,,,,,,,,,,,,,,,,,,,,,,,,,,,,,,,,,,,,,,,,,,,,,,,,,,,,,,,,,,,,,,,,,,,,,,,,,,,,,,,,,,,,,,,,,,,,,,,,,,,,,,,,,,,,,,,,,,,,
23079,Ankit Bansal,Ashulika/Surabhi,Pallavi Bharadwaj,"Excentia Infra - GH, Dehradun",Active,,,,,,,,,,,,,,,,,,,,,,,,,,,,,,,,,,,,,,,,,,,,,,,,,,,,,,,,,,,,,,,,,,,,,,,,,,,,,,,,,,,,,,,,,,,,,,,,,,,,,,,,,,,,,,,,,,,,,,,,,,,,,,,,,,,,,,,,,,,,,,,,,,,,,,,,,,,,,,,,,,,,,,,,,,,,,,,,,,,,,,,,,,,,,,,,,,,
23080,Deepak Baxi,Ashulika Arora,Not in scope,"CRC Commercial, Karkardooma Delhi",Hold,,,,,,,,,,,,,,,,,,,,,,,,,,,,,,,,,,,,,,,,,,,,,,,,,,,,,,,,,,,,,,,,,,,,,,,,,,,,,,,,,,,,,,,,,,,,,,,,,,,,,,,,,,,,,,,,,,,,,,,,,,,,,,,,,,,,,,,,,,,,,,,,,,,,,,,,,,,,,,,,,,,,,,,,,,,,,,,,,,,,,,,,,,,,,,,,,,,
23081,Not in scope,Ashulika Arora,Pallavi Bharadwaj,Gaur Experience Center Sector-129,Active,,,,,,,,,,,,,,,,,,,,,,,,,,,,,,,,,,,,,,,,,,,,,,,,,,,,,,,,,,,,,,,,,,,,,,,,,,,,,,,,,,,,,,,,,,,,,,,,,,,,,,,,,,,,,,,,,,,,,,,,,,,,,,,,,,,,,,,,,,,,,,,,,,,,,,,,,,,,,,,,,,,,,,,,,,,,,,,,,,,,,,,,,,,,,,,,,,,
24091,Dakshit Bajaj,Not in scope,Not in scope,"Omaxe The Lake Extension, Chandigarh",Active,,,,,,,05-Apr-24,15-Jan-25,,,,,,18-Sep-24,15-Mar-25,,,,,,,,,,,,,,,,,,,,,,,,,,,29-May-24,01-Mar-25,,,,,,01-Feb-25,01-Mar-25,,,,,,,,,,,,,,,,,,,,01-Mar-25,01-Apr-25,,,,,,01-Mar-25,01-Apr-25,,,,,,01-Apr-25,15-May-25,,,,,,01-Apr-25,15-May-25,,,,,,01-Apr-25,15-May-25,,,,,,,,,,,,,16-May-25,16-Jun-25,,,,,,16-May-25,16-Jun-25,,,,,,16-May-25,16-Jun-25,,,,,,16-May-25,16-Jun-25,,,,,,,,,,,,,17-Jun-25,31-Dec-25,,,,,,17-Jun-25,31-Dec-25,,,,,,17-Jun-25,31-Dec-25,,,,,,,,,,,,,17-Jun-25,31-Dec-25,,,,,,01-Oct-25,01-Oct-28,,,,,,01-Sep-28,01-Oct-28,,,,,
23085,Saurabh Joshi,Not in scope,Pallavi Bharadwaj,"H&S Valley- Plotted Development, Sawantwadi, Goa",Active,,,,,,,,,,,,,,,,,,,,,,,,,,,,,,,,,,,,,,,,,,,,,,,,,,,,,,,,,,,,,,,,,,,,,,,,,,,,,,,,,,,,,,,,,,,,,,,,,,,,,,,,,,,,,,,,,,,,,,,,,,,,,,,,,,,,,,,,,,,,,,,,,,,,,,,,,,,,,,,,,,,,,,,,,,,,,,,,,,,,,,,,,,,,,,,,,,,
23086,Eshaan Goyal,Not in scope,Pallavi Bharadwaj,"Kapoor Farmhouse, Kashipur",Active,,,,,,,,,,,,,,,,,,,,,,,,,,,,,,,,,,,,,,,,,,,,,,,,,,,,,,,,,,,,,,,,,,,,,,,,,,,,,,,,,,,,,,,,,,,,,,,,,,,,,,,,,,,,,,,,,,,,,,,,,,,,,,,,,,,,,,,,,,,,,,,,,,,,,,,,,,,,,,,,,,,,,,,,,,,,,,,,,,,,,,,,,,,,,,,,,,,
23089,TBD,TBD,TBD,Goa Hotel - Talegaon,Hold,,,,,,,,,,,,,,,,,,,,,,,,,,,,,,,,,,,,,,,,,,,,,,,,,,,,,,,,,,,,,,,,,,,,,,,,,,,,,,,,,,,,,,,,,,,,,,,,,,,,,,,,,,,,,,,,,,,,,,,,,,,,,,,,,,,,,,,,,,,,,,,,,,,,,,,,,,,,,,,,,,,,,,,,,,,,,,,,,,,,,,,,,,,,,,,,,,,
24090,Not in scope,Not in scope,Pallavi Bharadwaj,RG Kvir - Landscape,Hold,,,,,,,,,,,,,,,,,,,,,,,,,,,,,,,,,,,,,,,,,,,,,,,,,,,,,,,,,,,,,,,,,,,,,,,,,,,,,,,,,,,,,,,,,,,,,,,,,,,,,,,,,,,,,,,,,,,,,,,,,,,,,,,,,,,,,,,,,,,,,,,,,,,,,,,,,,,,,,,,,,,,,,,,,,,,,,,,,,,,,,,,,,,,,,,,,,,
24096,Dakshit Bajaj,Not in scope,Not in scope,Royce - GH,Hold,,,,,,,,,,,,,,,,,,,,,,,,,,,,,,,,,,,,,,,,,,,,,,,,,,,,,,,,,,,,,,,,,,,,,,,,,,,,,,,,,,,,,,,,,,,,,,,,,,,,,,,,,,,,,,,,,,,,,,,,,,,,,,,,,,,,,,,,,,,,,,,,,,,,,,,,,,,,,,,,,,,,,,,,,,,,,,,,,,,,,,,,,,,,,,,,,,,
24097,Dakshit Bajaj,Not in scope,Not in scope,"Omaxe The Elite - GH, Faridabad",Active,,,,,,,,,22-Apr-24,06-Nov-25,,,,11-Jun-24,22-May-25,,,,,,18-Feb-25,12-May-25,,,,,,,,,,,,,,,,,,,,06-Jun-24,29-Sep-25,,,,,,22-Jan-25,01-Jul-25,,,,,,,,,,,,,,,,,,,,01-Jun-25,20-Jul-25,20-Jul-25,,,,,06-Feb-25,20-Jun-25,20-Jun-25,,,,,01-Jul-25,08-Aug-25,08-Aug-25,,,,,01-Jul-25,08-Aug-25,08-Aug-25,,,,,,,,,,,,,,,,,,,01-Aug-25,30-Aug-25,30-Aug-25,,,,,01-Aug-25,30-Aug-25,30-Aug-25,,,,,01-Aug-25,30-Aug-25,30-Aug-25,,,,,,,,,,,,,,,,,,,01-Aug-25,10-Sep-25,10-Sep-25,,,,,01-Sep-25,10-Oct-25,10-Oct-25,,,,,01-Oct-25,10-Nov-25,10-Nov-25,,,,,,,,,,,,,,,,,,,01-Jan-26,15-Apr-28,,,,,,15-Apr-28,15-Jun-28,,,,,
24093,Saurabh Joshi,Himanshu Verma,Pallavi Bharadwaj,"Aurika Hotel, Ayodhya",Active,,,,"Rajan, Rahul",,,17-May-24,09-Sep-25,,,,,,14-Aug-24,06-Dec-24,,,,,,04-Dec-24,15-Oct-25,16-Mar-26,,,,,27-Nov-24,27-Aug-25,,,,,,,,,,,,,05-Jun-24,29-Oct-25,,,,,,01-Sep-25,15-Sep-25,,,,,,01-Sep-25,31-Oct-25,23-Jan-26,,,,,30-Jan-25,04-Jul-25,,,,,,20-Mar-25,03-Jul-25,,,,,,17-Dec-24,18-Dec-24,,,,,,06-Jan-25,31-Aug-25,03-Nov-25,,,,,04-Mar-25,31-Oct-25,,,,,,15-Sep-25,15-Nov-25,13-Mar-26,,,,,19-May-25,30-Nov-25,,,,,,28-May-25,30-Sep-25,,,,,,01-Sep-25,30-Sep-25,,,,,,01-Sep-25,30-Sep-25,,,,,,01-Nov-25,30-Nov-25,20-Mar-26,,,,,01-Dec-25,30-Dec-25,,,,,,01-Sep-25,30-Sep-25,,,,,,15-Sep-25,15-Oct-25,,,,,,15-Oct-25,30-Nov-25,,,,,,01-Jan-26,30-Mar-26,,,,,,01-Dec-25,31-Jan-26,22-May-26,,,,,15-Sep-25,15-Sep-27,,,,,,15-Aug-27,15-Sep-27,,,,,
24094,Not in scope,Ashulika Arora,Not in scope,Great Value Capital - Experience Centre,Closed,,,,,,,,,,,,,,,,,,,,,,,,,,,,,,,,,,,,,,,,,,,,,,,,,,,,,,,,,,,,,,,,,,,,,,,,,,,,,,,,,,,,,,,,,,,,,,,,,,,,,,,,,,,,,,,,,,,,,,,,,,,,,,,,,,,,,,,,,,,,,,,,,,,,,,,,,,,,,,,,,,,,,,,,,,,,,,,,,,,,,,,,,,,,,,,,,,,
24098,Dakshit Bajaj,Ashulika Arora,Pallavi Bharadwaj,"Avinash Group - GH, Raipur",Active,,,,,,,,,27-May-24,06-Nov-25,,,,11-Jul-24,31-Oct-25,,,,,,21-Nov-24,21-Mar-25,,,,,,27-Dec-24,14-Oct-25,,,,,,,,,,,,,04-Nov-24,03-Nov-25,,,,,,28-Jan-25,31-Oct-25,,,,,,22-Nov-24,27-Sep-25,,,,,,20-Jun-25,30-Sep-25,30-Dec-25,,,,,15-Oct-25,30-Nov-25,30-Dec-25,,,,,01-Oct-25,30-Nov-25,,,,,,17-Mar-25,31-Dec-25,,,,,,18-Jun-25,31-Dec-25,,,,,,08-Jan-25,29-Jan-25,,,,,,01-Nov-25,30-Jan-26,,,,,,01-Oct-25,15-Oct-25,15-Nov-25,,,,,01-Oct-25,15-Oct-25,15-Nov-25,,,,,01-Oct-25,15-Oct-25,15-Nov-25,,,,,,,,,,,,15-Jan-26,31-Jan-26,,,,,,01-Nov-25,31-Dec-25,,,,,,01-Jan-26,15-Feb-26,,,,,,16-Feb-26,15-Apr-26,,,,,,01-Jan-26,30-Apr-26,,,,,,,,,,,,,01-Jan-26,31-Dec-29,,,,,,01-Oct-29,31-Dec-29,,,,,
24100,Dakshit Bajaj,TBD,Not in scope,Omaxe Lake club,Active,,,,,,,10-Jun-24,10-Dec-24,,,,,,,,,,,,,10-Jun-24,09-Jun-25,,,,,,,,,,,,,,,,,,,,03-Jun-24,24-Mar-25,,,,,,08-Jul-24,14-Feb-25,,,,,,12-Jun-24,23-Jan-25,,,,,,,,,,,,,12-Dec-24,26-Mar-25,,,,,,,,,,,,,01-Jul-24,28-Oct-25,,,,,,10-Jul-25,28-Oct-25,,,,,,01-Aug-24,12-Sep-25,,,,,,,,,,,,,04-Nov-24,03-Feb-25,,,,,,,,,,,,,11-Sep-24,31-Jan-25,,,,,,,,,,,,,,,,,,,,11-Aug-25,13-Aug-25,,,,,,16-May-25,19-Sep-25,,,,,,22-Aug-25,21-Oct-25,,,,,,,,,,,,,,,,,,,,01-Jan-25,01-Jan-27,,,,,,,,,,,,
24103,Dakshit Bajaj,Surabhi Garg,Pallavi Bharadwaj,"Eelevate Infra Pvt Ltd, Greater Noida West",Active,,,,,,,23-Sep-24,06-Nov-25,,,,,,03-Jan-25,15-Oct-25,,,,,,,,,,,,,,,,,,,,,,,,,,,19-Feb-25,08-Aug-25,,,,,,19-May-25,15-Jun-25,,,,,,,,,,,,,,,,,,,,15-Jun-25,15-Jul-25,,,,,,12-May-25,14-Aug-25,,,,,,28-Jul-25,08-Aug-25,,,,,,01-Jun-25,30-Jun-25,,,,,,,,,,,,,,,,,,,,01-Jul-25,31-Jul-25,,,,,,01-Jul-25,31-Jul-25,,,,,,01-Jul-25,31-Jul-25,,,,,,,,,,,,,,,,,,,,01-Jun-25,31-Jul-25,,,,,,01-Jul-25,25-Aug-25,,,,,,01-Aug-25,28-Sep-25,,,,,,01-Sep-25,10-Oct-25,,,,,,,,,,,,,,,,,,,,,,,,,,
24115,Dakshit Bajaj,Surabhi Garg,Not in scope,"Future Rhythm County, Greater NOIDA",Active,,,,,,,16-Oct-24,30-Oct-25,,,,,,15-Jan-25,30-Oct-25,,,,,,01-May-25,24-Sep-25,,,,,,,,,,,,,10-Mar-25,15-Sep-25,05-Nov-25,,,,,16-Dec-24,31-Oct-25,30-Nov-25,,,,,07-Apr-25,31-Oct-25,30-Nov-25,,,,,,,,,,,,,,,,,,,10-Sep-25,31-Oct-25,30-Nov-25,,,,,20-May-25,31-Dec-25,,,,,,01-Jan-26,15-Feb-26,,,,,,01-Jan-26,15-Feb-26,,,,,,24-Mar-25,29-Mar-25,,,,,,,,,,,,,01-Jan-26,31-Jan-26,,,,,,01-Jan-26,31-Jan-26,,,,,,01-Jan-26,31-Jan-26,,,,,,,,,,,,,,,,,,,,01-Jan-26,28-Feb-26,,,,,,01-Mar-26,30-Apr-26,,,,,,01-May-26,31-Oct-26,,,,,,,,,,,,,,,,,,,,01-Apr-26,01-Apr-29,,,,,,01-Jul-26,01-Apr-29,,,,,
24116,Dakshit Bajaj,Not in scope,Not in scope,"Jade County 13 Acres - GH, Wave City, Ghaziabad",Active,,,,,,,17-Oct-24,10-Oct-25,,,,,,16-Dec-24,15-Oct-25,,,,,,07-Feb-25,08-Sep-25,,,,,,27-Jan-25,03-Mar-25,,,,,,,,,,,,,04-Jan-25,09-Oct-25,,,,,,09-Sep-25,29-Sep-25,,,,,,,,,,,,,12-Feb-25,26-Feb-25,,,,,,28-Jan-25,14-Oct-25,,,,,,30-Dec-24,08-Oct-25,,,,,,07-Jan-25,30-Nov-25,,,,,,13-Jan-25,30-Nov-25,,,,,,,,,,,,,,,,,,,,27-Mar-25,31-Oct-25,15-Nov-25,,,,,,,,,,,,01-Nov-25,30-Nov-25,,,,,,,,,,,,,,,,,,,,18-Jun-25,31-Dec-25,,,,,,01-Nov-25,31-Dec-25,,,,,,01-Jan-26,31-Jul-26,,,,,,01-Aug-26,30-Sep-26,,,,,,,,,,,,,01-Oct-25,31-Dec-29,,,,,,01-Dec-29,31-Dec-29,,,,,
24117,Dakshit Bajaj,Himanshu Verma,Pallavi Bharadwaj,"Fairfox Wave City - GH, Ghaziabad",Active,,,,,,,16-Dec-24,28-Oct-25,,,,,,11-Feb-25,29-Oct-25,,,,,,,,,,,,,11-Feb-25,29-Oct-25,30-Dec-25,,,,,,,,,,,,15-Sep-25,31-Oct-25,15-Nov-25,,,,,15-Sep-25,31-Oct-25,15-Nov-25,,,,,,,,,,,,16-Oct-25,30-Nov-25,,,,,,15-Oct-25,15-Dec-25,,,,,,01-Nov-25,31-Dec-25,,,,,,01-Jan-26,28-Feb-26,,,,,,01-Jan-26,28-Feb-26,,,,,,,,,,,,,01-Jan-26,28-Feb-26,,,,,,01-Mar-26,31-Mar-26,,,,,,01-Mar-26,31-Mar-26,,,,,,01-Mar-26,31-Mar-26,,,,,,,,,,,,,01-Mar-26,31-Mar-26,,,,,,01-Jan-26,28-Feb-26,,,,,,01-Mar-26,15-Apr-26,,,,,,16-Apr-26,15-Oct-26,,,,,,,,,,,,,,,,,,,,15-Jan-26,15-Jan-30,,,,,,15-Dec-29,15-Jan-30,,,,,
24102,Not in scope,Ashulika Arora,Pallavi Bharadwaj,"Gaur Legacy, Greater Noida (B-10)",Active,,,,,,,,,,,,,,,,,,,,,,,,,,,,,,,,,,,,,,,,,,,,,,,,,,,,,,,,,,,,,,,,,,,,,,,,,,,,,,,,,,,,,,,,,,,,,,,,,,,,,,,,,,,,,,,,,,,,,,,,,,,,,,,,,,,,,,,,,,,,,,,,,,,,,,,,,,,,,,,,,,,,,,,,,,,,,,,,,,,,,,,,,,,,,,,,,,,
25130,Dakshit Bajaj,Not in scope,Not in scope,"Arihant 11 Acre - GH, YEIDA Sec-22D",Active,,,,,,,11-Mar-25,12-May-25,,,,,,22-Apr-25,30-Sep-25,,,,,,,,,,,,,,,,,,,,21-Aug-25,22-Sep-25,,,,,,23-Apr-25,08-Jul-25,,,,,,25-Aug-25,12-Sep-25,,,,,,,,,,,,,,,,,,,,20-Aug-25,30-Oct-25,15-Nov-25,,,,,15-Apr-25,06-Nov-25,,,,,,15-Sep-25,15-Oct-25,30-Nov-25,,,,,15-Sep-25,15-Oct-25,30-Nov-25,,,,,,,,,,,,,,,,,,,15-Oct-25,15-Nov-25,,,,,,15-Oct-25,15-Nov-25,,,,,,15-Oct-25,15-Nov-25,,,,,,,,,,,,,,,,,,,,15-Oct-25,31-Jan-26,,,,,,01-Feb-26,31-Jul-26,,,,,,01-Aug-26,31-Dec-26,,,,,,,,,,,,,,,,,,,,01-Nov-25,01-Dec-29,,,,,,30-Sep-29,01-Nov-29,,,,,
24104,Ankit Bansal,Himanshu Verma,Pallavi Bharadwaj,"Indo Group - GH, Guwahati (Phase-1)",Active,,,,,,,01-Oct-24,28-Feb-25,,,,,,25-Nov-24,28-Aug-25,,,,,,24-Mar-25,10-Oct-25,15-Nov-25,,,,,15-Jan-25,23-Jul-25,,,,,,,,,,,,,04-Mar-25,30-Aug-25,,,,,,05-Mar-25,29-Aug-25,,,,,,28-Aug-25,15-Nov-25,,,,,,04-Jul-25,04-Sep-25,,,,,,01-Jul-25,30-Oct-25,30-Nov-25,,,,,10-Feb-25,30-Oct-25,,,,,,30-Aug-25,30-Sep-25,30-Oct-25,,,,,01-Sep-25,30-Sep-25,30-Oct-25,,,,,08-Sep-25,15-Dec-25,,,,,,28-Sep-25,15-Dec-25,,,,,,10-Jun-25,15-Nov-25,30-Nov-25,,,,,01-Oct-25,15-Nov-25,30-Nov-25,,,,,01-Oct-25,15-Nov-25,30-Nov-25,,,,,01-Oct-25,15-Nov-25,,,,,,01-Oct-25,15-Nov-25,30-Nov-25,,,,,06-Oct-25,30-Nov-25,,,,,,01-Dec-25,31-Dec-25,,,,,,01-Jan-26,28-Feb-26,,,,,,01-Jan-26,28-Feb-26,,,,,,01-Mar-26,30-Apr-26,,,,,,01-Oct-25,30-Sep-28,,,,,,01-Sep-28,30-Sep-28,,,,,
25138,Dakshit Bajaj,Not in scope,Not in scope,"Omaxe Bus Depot - MLU, Kaushambi",Active,,,,,,,18-Apr-25,20-Aug-25,,,,,,01-Aug-25,09-Sep-25,,,,,,,,,,,,,,,,,,,,,,,,,,,01-Sep-25,08-Oct-25,,,,,,01-Sep-25,23-Oct-25,,,,,,,,,,,,,,,,,,,,01-Oct-25,30-Nov-25,,,,,,01-Oct-25,30-Nov-25,,,,,,01-Dec-25,25-Jan-26,,,,,,01-Jan-26,10-Feb-26,,,,,,,,,,,,,,,,,,,,11-Feb-26,01-Mar-26,,,,,,11-Feb-26,01-Mar-26,,,,,,,,,,,,,,,,,,,,,,,,,,,01-Mar-26,12-Apr-26,,,,,,15-Apr-26,06-Jun-26,,,,,,01-Jun-26,13-Sep-26,,,,,,,,,,,,,,,,,,,,01-Sep-26,04-Dec-26,,,,,,15-Dec-26,15-Jan-27,,,,,
24107,Ankit Bansal,Not in scope,Not in scope,"Godrej - GH, Greater NOIDA Sec-12",Active,,,,,,,,,,,,,,,,,,,,,,,,,,,,,,,,,,,,,,,,,,,,,,,,,,,,,,,,,,,,,,,,,,,,,,,,,,,,,,,,,,,,,,,,,,,,,,,,,,,,,,,,,,,,,,,,,,,,,,,,,,,,,,,,,,,,,,,,,,,,,,,,,,,,,,,,,,,,,,,,,,,,,,,,,,,,,,,,,,,,,,,,,,,,,,,,,,,
25139,Dakshit Bajaj,Not in scope,Not in scope,Clove County- NOIDA Sec-151,Active,,,,,,,25-Aug-22,02-Sep-25,,,,,,18-Oct-22,09-Sep-25,,,,,,,,,,,,,,,,,,,,13-Aug-25,06-Nov-25,,,,,,29-Sep-23,15-Oct-25,15-Nov-25,,,,,17-Jul-24,15-Oct-25,15-Nov-25,,,,,,,,,,,,,,,,,,,23-Sep-25,30-Nov-25,,,,,,17-Jul-23,06-Oct-25,,,,,,01-Nov-22,30-Nov-25,,,,,,02-Sep-24,30-Nov-25,,,,,,,,,,,,,,,,,,,,01-Dec-25,15-Jan-26,,,,,,,,,,,,,16-Jan-26,31-Mar-26,,,,,,,,,,,,,,,,,,,,02-Dec-22,31-Jan-26,,,,,,09-Nov-22,31-Mar-26,,,,,,25-Nov-22,30-Sep-26,,,,,,,,,,,,,,,,,,,,09-Nov-22,15-Dec-29,,,,,,01-Nov-29,15-Dec-29,,,,,
25147,Dakshit Bajaj,Surabhi Garg,Not in scope,Fragrance Dream Homes Private Limited,Active,,,,,,,13-Aug-25,04-Sep-25,10-Nov-25,,,,,01-Sep-25,26-Sep-25,30-Nov-25,,,,,07-Oct-25,31-Oct-25,,,,,,,,,,,,,01-Oct-25,31-Oct-25,30-Nov-25,,,,,15-Sep-25,10-Oct-25,30-Nov-25,,,,,01-Oct-25,31-Oct-25,30-Nov-25,,,,,,,,,,,,,,,,,,,01-Nov-25,12-Dec-25,,,,,,01-Nov-25,09-Jan-26,,,,,,01-Jan-26,06-Feb-26,,,,,,15-Jan-26,27-Feb-26,,,,,,,,,,,,,,,,,,,,28-Feb-26,03-Apr-26,,,,,,,,,,,,,28-Feb-26,03-Apr-26,,,,,,,,,,,,,,,,,,,,28-Feb-26,20-Mar-26,,,,,,21-Mar-26,17-Apr-26,,,,,,18-Apr-26,12-Aug-26,,,,,,,,,,,,,,,,,,,,13-Apr-26,13-Apr-29,,,,,,13-Mar-29,13-Apr-29,,,,,
24111,Not in scope,Surabhi Garg,Not in scope,"Titanium SPR (Signature Global) - GH (Club Interior), Gurugram Sec-71 (Phase-1)",Active,,,,,,,,,,,,,,,,,,,,,,,,,,,,,,,,,,,,,,,,,,,,,,,,,,,,,,,,,,,,,,,,,,,,,,,,,,,,,,,,,,,,,,,,,,,,,,,,,,,,,,,,,,,,,,,,,,,,,,,,,,,,,,,,,,,,,,,,,,,,,,,,,,,,,,,,,,,,,,,,,,,,,,,,,,,,,,,,,,,,,,,,,,,,,,,,,,,
24112,Deepak Baxi,Surabhi Garg,Pallavi Bharadwaj,"Twin Towers, Meerut",Active,,,,,,,,,,,,,,,,,,,,,,,,,,,,,,,,,,,,,,,,,,,,,,,,,,,,,,,,,,,,,,,,,,,,,,,,,,,,,,,,,,,,,,,,,,,,,,,,,,,,,,,,,,,,,,,,,,,,,,,,,,,,,,,,,,,,,,,,,,,,,,,,,,,,,,,,,,,,,,,,,,,,,,,,,,,,,,,,,,,,,,,,,,,,,,,,,,,
24113,Not in scope,Ashulika Arora,Not in scope,"Eden Wave City - Club Interior, Ghaziabad",Active,,,,,,,,,,,,,,,,,,,,,,,,,,,,,,,,,,,,,,,,,,,,,,,,,,,,,,,,,,,,,,,,,,,,,,,,,,,,,,,,,,,,,,,,,,,,,,,,,,,,,,,,,,,,,,,,,,,,,,,,,,,,,,,,,,,,,,,,,,,,,,,,,,,,,,,,,,,,,,,,,,,,,,,,,,,,,,,,,,,,,,,,,,,,,,,,,,,
24114,Ashulika Arora,Not in scope,Not in scope,"Amritam Plotted Development, Benaulim Goa",Hold,,,,,,,,,,,,,,,,,,,,,,,,,,,,,,,,,,,,,,,,,,,,,,,,,,,,,,,,,,,,,,,,,,,,,,,,,,,,,,,,,,,,,,,,,,,,,,,,,,,,,,,,,,,,,,,,,,,,,,,,,,,,,,,,,,,,,,,,,,,,,,,,,,,,,,,,,,,,,,,,,,,,,,,,,,,,,,,,,,,,,,,,,,,,,,,,,,,
25152,Dakshit Bajaj,Ashulika Arora,Pallavi Bharadwaj,"SVP Developers - GH, Wavecity Ghaziabad",Active,,,,,,,,,,,,,,,,,,,,,,,,,,,,,,,,,,,,,,,,,,,,,,,,,,,,,,,,,,,,,,,,,,,,,,,,,,,,,,,,,,,,,,,,,,,,,,,,,,,,,,,,,,,,,,,,,,,,,,,,,,,,,,,,,,,,,,,,,,,,,,,,,,,,,,,,,,,,,,,,,,,,,,,,,,,,,,,,,,,,,,,,,,,,,,,,,,,
25155,Dakshit Bajaj,Not in scope,Not in scope,"Gaur - GH, Crossing Republik, Ghaziabad",Active,,,,,,,08-Jul-25,04-Nov-25,,,,,,,,,,,,,,,,,,,,,,,,,,,,,,,,,,,,,,,,,,,,,,,,,,,,,,,,,,,,,,,,,,,,,,,,,,,,,,,,,,,,,,,,,,,,,,,,,,,,,,,,,,,,,,,,,,,,,,,,,,,,,,,,,,,,,,,,,,,,,,,,,,,,,,,,,,,,,,,,,,,,,,,,,,,,,,,,,,,,,,,,,,,
25160,Dakshit Bajaj,TBD,TBD,"Saviour GH, Greater Noida",Active,,,,,,,,,,,,,,,,,,,,,,,,,,,,,,,,,,,,,,,,,,,,,,,,,,,,,,,,,,,,,,,,,,,,,,,,,,,,,,,,,,,,,,,,,,,,,,,,,,,,,,,,,,,,,,,,,,,,,,,,,,,,,,,,,,,,,,,,,,,,,,,,,,,,,,,,,,,,,,,,,,,,,,,,,,,,,,,,,,,,,,,,,,,,,,,,,,,
25118,Ashulika Arora,Ashulika Arora,Pallavi Bharadwaj,Lumora Avacasa (Saharanpur Plotted Development),Active,,,,,,,,,,,,,,,,,,,,,,,,,,,,,,,,,,,,,,,,,,,,,,,,,,,,,,,,,,,,,,,,,,,,,,,,,,,,,,,,,,,,,,,,,,,,,,,,,,,,,,,,,,,,,,,,,,,,,,,,,,,,,,,,,,,,,,,,,,,,,,,,,,,,,,,,,,,,,,,,,,,,,,,,,,,,,,,,,,,,,,,,,,,,,,,,,,,
25119,Ankit Bansal,Not in scope,Not in scope,"NBCC BIS - Central Laboratory, Sahibabad",Hold,,,,,,,,,,,,,,,,,,,,,,,,,,,,,,,,,,,,,,,,,,,,,,,,,,,,,,,,,,,,,,,,,,,,,,,,,,,,,,,,,,,,,,,,,,,,,,,,,,,,,,,,,,,,,,,,,,,,,,,,,,,,,,,,,,,,,,,,,,,,,,,,,,,,,,,,,,,,,,,,,,,,,,,,,,,,,,,,,,,,,,,,,,,,,,,,,,,
25120,Not in scope,Ashulika Arora,Not in scope,"Godrej Majesty - GH (Club Interior), Greater Noida Sec - 12",Active,,,,,,,,,,,,,,,,,,,,,,,,,,,,,,,,,,,,,,,,,,,,,,,,,,,,,,,,,,,,,,,,,,,,,,,,,,,,,,,,,,,,,,,,,,,,,,,,,,,,,,,,,,,,,,,,,,,,,,,,,,,,,,,,,,,,,,,,,,,,,,,,,,,,,,,,,,,,,,,,,,,,,,,,,,,,,,,,,,,,,,,,,,,,,,,,,,,
25121,Not in scope,Not in scope,Pallavi Bharadwaj,"Godrej Majesty - GH (Landscape), Greater Noida Sec-12",Active,,,,,,,,,,,,,,,,,,,,,,,,,,,,,,,,,,,,,,,,,,,,,,,,,,,,,,,,,,,,,,,,,,,,,,,,,,,,,,,,,,,,,,,,,,,,,,,,,,,,,,,,,,,,,,,,,,,,,,,,,,,,,,,,,,,,,,,,,,,,,,,,,,,,,,,,,,,,,,,,,,,,,,,,,,,,,,,,,,,,,,,,,,,,,,,,,,,
25122,Not in scope,Himanshu Verma,Pallavi Bharadwaj,"Eelevate Infra - Villa Interior, Goa",Active,,,,,,,,,,,,,,,,,,,,,24-Feb-25,01-Oct-25,,,,,,,,,,,,,,,,,,,,,,,,,,,,,,,,,,28-Apr-25,13-Oct-25,,,,,,,,,,,,,28-Apr-25,08-Aug-25,,,,,,,,,,,,,,,,,,,,,,,,,,,,,,,,,,,,,,,,,,,,,,,,,,,,,,,,,,,,,,,,,,,,,,,,,,,,,,,,,,,,,,,,,,,,,,,,,,,,,,,,,,,,,,,,,,,,,,,,,,,,
25161,Dakshit Bajaj,Not in scope,Not in scope,"Alpha Corp GH, Sec-103 Gurugram",Active,,,,,,,,,,,,,,,,,,,,,,,,,,,,,,,,,,,,,,,,,,,,,,,,,,,,,,,,,,,,,,,,,,,,,,,,,,,,,,,,,,,,,,,,,,,,,,,,,,,,,,,,,,,,,,,,,,,,,,,,,,,,,,,,,,,,,,,,,,,,,,,,,,,,,,,,,,,,,,,,,,,,,,,,,,,,,,,,,,,,,,,,,,,,,,,,,,,
25125,Ankit Bansal,Not in scope,Not in scope,"NBCC BIS - NITS, NOIDA",Hold,,,,,,,,,,,,,,,,,,,,,,,,,,,,,,,,,,,,,,,,,,,,,,,,,,,,,,,,,,,,,,,,,,,,,,,,,,,,,,,,,,,,,,,,,,,,,,,,,,,,,,,,,,,,,,,,,,,,,,,,,,,,,,,,,,,,,,,,,,,,,,,,,,,,,,,,,,,,,,,,,,,,,,,,,,,,,,,,,,,,,,,,,,,,,,,,,,,
25126,Not in scope,Ashulika Arora,Not in scope,"GVC - Club Interior, Greater NOIDA",Active,,,,,,,,,,,,,,,,,,,,,,,,,,,,,,,,,,,,,,,,,,,,,,,,,,,,,,,,,,,,,,,,,,,,,,,,,,,,,,,,,,,,,,,,,,,,,,,,,,,,,,,,,,,,,,,,,,,,,,,,,,,,,,,,,,,,,,,,,,,,,,,,,,,,,,,,,,,,,,,,,,,,,,,,,,,,,,,,,,,,,,,,,,,,,,,,,,,
25127,Not in scope,Ashulika Arora,Not in scope,"Gaur Island Tower - Club Interior, Greater NOIDA",Active,,,,,,,,,,,,,,,,,,,,,,,,,,,,,,,,,,,,,,,,,,,,,,,,,,,,,,,,,,,,,,,,,,,,,,,,,,,,,,,,,,,,,,,,,,,,,,,,,,,,,,,,,,,,,,,,,,,,,,,,,,,,,,,,,,,,,,,,,,,,,,,,,,,,,,,,,,,,,,,,,,,,,,,,,,,,,,,,,,,,,,,,,,,,,,,,,,,
25128,Not in scope,Ashulika Arora,Not in scope,"Sainik Farm Residence, New Delhi",Active,,,,,,,,,,,,,,,,,,,,,,,,,,,,,,,,,,,,,,,,,,,,,,,,,,,,,,,,,,,,,,,,,,,,,,,,,,,,,,,,,,,,,,,,,,,,,,,,,,,,,,,,,,,,,,,,,,,,,,,,,,,,,,,,,,,,,,,,,,,,,,,,,,,,,,,,,,,,,,,,,,,,,,,,,,,,,,,,,,,,,,,,,,,,,,,,,,,
25129,Ankit Bansal,Not in scope,Pallavi Bharadwaj,"The G by Gulshan, Noida Sec-129",Active,,,,,,,,,,,,,,,,,,,,,,,,,,,,,,,,,,,,,,,,,,,,,,,,,,,,,,,,,,,,,,,,,,,,,,,,,,,,,,,,,,,,,,,,,,,,,,,,,,,,,,,,,,,,,,,,,,,,,,,,,,,,,,,,,,,,,,,,,,,,,,,,,,,,,,,,,,,,,,,,,,,,,,,,,,,,,,,,,,,,,,,,,,,,,,,,,,,
BD.39,Dakshit Bajaj,Not in scope,Not in scope,Villa Shravan,Active,,,,,,,,,,,,,,,,,,,,,,,,,,,,,,,,,,,,,,,,,,,,,,,,,,,,,,,,,,,,,,,,,,,,,,,,,,,,,,,,,,,,,,,,,,,,,,,,,,,,,,,,,,,,,,,,,,,,,,,,,,,,,,,,,,,,,,,,,,,,,,,,,,,,,,,,,,,,,,,,,,,,,,,,,,,,,,,,,,,,,,,,,,,,,,,,,,,
BD.42,Dakshit Bajaj,Not in scope,Not in scope,"County 150, Noida",Active,,,,,,,,,,,,,,,,,,,,,,,,,,,,,,,,,,,,,,,,,,,,,,,,,,,,,,,,,,,,,,,,,,,,,,,,,,,,,,,,,,,,,,,,,,,,,,,,,,,,,,,,,,,,,,,,,,,,,,,,,,,,,,,,,,,,,,,,,,,,,,,,,,,,,,,,,,,,,,,,,,,,,,,,,,,,,,,,,,,,,,,,,,,,,,,,,,,
25134,Himanshu Verma,Himanshu Verma,Not in scope,"Golf Estate(Jashn Realty)  - Marketing Office, Lucknow",Active,,,,,," 11,840 ",19-May-25,31-Jul-25,,,,,,,,,,,,,15-Jul-25,29-Aug-25,,,,,,,,,,,,,29-Aug-25,24-Oct-25,,,,,,28-Jul-25,12-Sep-25,25-Nov-25,,,,,02-Sep-25,14-Oct-25,,,,,,02-Sep-25,14-Oct-25,25-Nov-25,,,,,,,,,,,,,,,,,,,,,,,,,,03-Sep-25,27-Oct-25,05-Jan-26,,,,,16-Sep-25,28-Oct-25,,,,,,15-Oct-25,15-Nov-25,13-Jan-26,,,,,,,,,,,,15-Oct-25,30-Oct-25,23-Jan-26,,,,,15-Oct-25,30-Oct-25,23-Jan-26,,,,,15-Oct-25,30-Oct-25,23-Jan-26,,,,,15-Oct-25,30-Oct-25,23-Jan-26,,,,,,,,,,,,01-Nov-25,15-Nov-25,07-Jan-26,,,,,16-Nov-25,30-Nov-25,27-Jan-26,,,,,01-Dec-25,30-Jan-26,,,,,,,,,,,,,01-Nov-25,30-Nov-25,11-Mar-26,,,,,,,,,,,,,,,,,,
25135,Saurabh Joshi,TBD,TBD,"Summit Promoters - GH, Dehradun (Nehru Colony)",Hold,,,,,,,,,,,,,,,,,,,,,,,,,,,,,,,,,,,,,,,,,,,,,,,,,,,,,,,,,,,,,,,,,,,,,,,,,,,,,,,,,,,,,,,,,,,,,,,,,,,,,,,,,,,,,,,,,,,,,,,,,,,,,,,,,,,,,,,,,,,,,,,,,,,,,,,,,,,,,,,,,,,,,,,,,,,,,,,,,,,,,,,,,,,,,,,,,,,
25136,Deepak Baxi,Not in scope,Not in scope,"M3M DDJAY, Panipat (Phase-1)",Active,,,,,,,,,,,,,,,,,,,,,,,,,,,,,,,,,,,,,,,,,,,,,,,,,,,,,,,,,,,,,,,,,,,,,,,,,,,,,,,,,,,,,,,,,,,,,,,,,,,,,,,,,,,,,,,,,,,,,,,,,,,,,,,,,,,,,,,,,,,,,,,,,,,,,,,,,,,,,,,,,,,,,,,,,,,,,,,,,,,,,,,,,,,,,,,,,,,
25137,Eshaan Goyal,Not in scope,Not in scope,"Gaur - MLU, Sec-129",Active,,,,,,,,,,,,,,,,,,,,,,,,,,,,,,,,,,,,,,,,,,,,,,,,,,,,,,,,,,,,,,,,,,,,,,,,,,,,,,,,,,,,,,,,,,,,,,,,,,,,,,,,,,,,,,,,,,,,,,,,,,,,,,,,,,,,,,,,,,,,,,,,,,,,,,,,,,,,,,,,,,,,,,,,,,,,,,,,,,,,,,,,,,,,,,,,,,,
26167,Himanshu Verma,Himanshu Verma,Not in scope,"Trevana (Karyan) - Club & SA, Ghaziabad",Active,,,,"Vrinda, Sonali(10%)",,,,,,,,,,,,,,,,,,,,,,,,,,,,,,,,,,,,,,,,,,,,,,,,,,,,,,,,,,,,,,,,,,,,,,,,,,,,,,,,,,,,,,,,,,,,,,,,,,,,,,,,,,,,,,,,,,,,,,,,,,,,,,,,,,,,,,,,,,,,,,,,,,,,,,,,,,,,,,,,,,,,,,,,,,,,,,,,,,,,,,,,,,,,,,,
BD.40,Himanshu Verma,Himanshu Verma,Not in scope,"Smart World One DXP, Gurugram",Active,,,,"Deepanshu, Agrima",,,,,,,,,,,,,,,,,,,,,,,,,,,,,,,,,,,,,,,,,,,,,,,,,,,,,,,,,,,,,,,,,,,,,,,,,,,,,,,,,,,,,,,,,,,,,,,,,,,,,,,,,,,,,,,,,,,,,,,,,,,,,,,,,,,,,,,,,,,,,,,,,,,,,,,,,,,,,,,,,,,,,,,,,,,,,,,,,,,,,,,,,,,,,,,
25140,Not in scope,Himanshu Verma,Pallavi Bharadwaj,"Gaur City Mall, Greater Noida",Active,,,,,,,23-Jun-23,20-Aug-25,,,,,,02-Jun-25,07-Oct-25,,,,,,02-Jun-25,07-Oct-25,,,,,,01-Sep-25,30-Sep-25,30-Nov-25,,,,,27-Aug-25,31-Oct-25,,,,,,19-Jun-25,30-Sep-25,,,,,,,,,,,,,11-Jul-25,30-Oct-25,,,,,,01-Oct-25,30-Oct-25,30-Dec-25,,,,,15-Oct-25,30-Nov-25,,,,,,,,,,,,,01-Nov-25,30-Nov-25,,,,,,,,,,,,,01-Nov-25,30-Nov-25,,,,,,01-Nov-25,30-Nov-25,30-Jan-26,,,,,01-Nov-25,15-Nov-25,,,,,,,,,,,,,01-Nov-25,15-Nov-25,,,,,,01-Nov-25,30-Nov-25,,,,,,01-Nov-25,30-Nov-25,,,,,,,,,,,,,,,,,,,,01-Dec-25,30-Dec-25,,,,,,01-Dec-25,30-Dec-25,,,,,,01-Dec-25,30-Dec-25,,,,,,01-Jan-26,30-Jul-26,,,,,,,,,,,,
18004,Subrata Seth,Ashulika Arora,Pallavi Bharadwaj,"Solus Uptown Mall, Raipur",Active,,,,,,,04-Feb-22,03-Nov-25,,,,,,01-Aug-25,20-Oct-25,,,,,,07-Jul-22,16-Oct-25,,,,,,10-Sep-25,30-Sep-25,,,,,,,,,,,,,16-Sep-21,17-May-24,,,,,,14-Jul-23,31-Oct-25,30-Oct-25,,,,,01-Oct-25,30-Oct-25,,,,,,15-Nov-25,15-Dec-25,,,,,,15-Oct-25,15-Nov-25,,,,,,15-Sep-25,15-Oct-25,,,,,,01-Oct-25,31-Oct-25,15-Jan-26,,,,,15-Oct-25,31-Oct-25,,,,,,15-Nov-25,31-Dec-25,,,,,,01-Jan-26,28-Feb-26,,,,,,15-Sep-25,29-Sep-25,,,,,,22-Aug-25,30-Sep-25,30-Nov-25,,,,,01-Nov-25,15-Nov-25,30-Nov-25,,,,,01-Dec-25,31-Dec-25,,,,,,01-Mar-26,30-Mar-26,,,,,,06-Jul-23,26-Jul-23,,,,,,01-Aug-25,15-Oct-25,,,,,,16-Oct-25,30-Nov-25,27-Feb-26,,,,,01-Apr-26,30-Jun-26,,,,,,01-Nov-25,31-Dec-25,,,,,,04-Jan-22,30-Apr-27,,,,,,01-Apr-25,30-Apr-27,,,,,
25142,Ashulika Arora,Ashulika Arora,Pallavi Bharadwaj,Sarthak Residence (Gaurs),Closed,,,,,,,,,,,,,,,,,,,,,,,,,,,,,,,,,,,,,,,,,,,,,,,,,,,,,,,,,,,,,,,,,,,,,,,,,,,,,,,,,,,,,,,,,,,,,,,,,,,,,,,,,,,,,,,,,,,,,,,,,,,,,,,,,,,,,,,,,,,,,,,,,,,,,,,,,,,,,,,,,,,,,,,,,,,,,,,,,,,,,,,,,,,,,,,,,,,
25143,Saurabh Joshi,Not in scope,Not in scope,"County - Plotted Development, YEIDA Sec-22D, TS-07",Hold,,,,,,,,,,,,,,,,,,,,,,,,,,,,,,,,,,,,,,,,,,,,,,,,,,,,,,,,,,,,,,,,,,,,,,,,,,,,,,,,,,,,,,,,,,,,,,,,,,,,,,,,,,,,,,,,,,,,,,,,,,,,,,,,,,,,,,,,,,,,,,,,,,,,,,,,,,,,,,,,,,,,,,,,,,,,,,,,,,,,,,,,,,,,,,,,,,,
25144,Ashulika Arora,Ashulika Arora,Not in scope,"Gaur Experience Center, Crossing Republik, Ghaziabad",Active,,,,,,,,,,,,,,,,,,,,,,,,,,,,,,,,,,,,,,,,,,,,,,,,,,,,,,,,,,,,,,,,,,,,,,,,,,,,,,,,,,,,,,,,,,,,,,,,,,,,,,,,,,,,,,,,,,,,,,,,,,,,,,,,,,,,,,,,,,,,,,,,,,,,,,,,,,,,,,,,,,,,,,,,,,,,,,,,,,,,,,,,,,,,,,,,,,,
25145,Eshaan Goyal,Not in scope,Not in scope,"Sarvottam-25 Acre, Greater Noida (JainX)",Dropped,,,,,,,,,,,,,,,,,,,,,,,,,,,,,,,,,,,,,,,,,,,,,,,,,,,,,,,,,,,,,,,,,,,,,,,,,,,,,,,,,,,,,,,,,,,,,,,,,,,,,,,,,,,,,,,,,,,,,,,,,,,,,,,,,,,,,,,,,,,,,,,,,,,,,,,,,,,,,,,,,,,,,,,,,,,,,,,,,,,,,,,,,,,,,,,,,,,
25146,Saurabh Joshi,Not in scope,Not in scope,"Audra Group - GH, Vrindavan",Active,,,,,,,,,,,,,,,,,,,,,,,,,,,,,,,,,,,,,,,,,,,,,,,,,,,,,,,,,,,,,,,,,,,,,,,,,,,,,,,,,,,,,,,,,,,,,,,,,,,,,,,,,,,,,,,,,,,,,,,,,,,,,,,,,,,,,,,,,,,,,,,,,,,,,,,,,,,,,,,,,,,,,,,,,,,,,,,,,,,,,,,,,,,,,,,,,,,
18006,Subrata Seth,TBD,TBD,"Ace Medley Mall, Sec 150 Noida",Active,,,,,,,,,,,,,,,,,,,,,,,,,,,,,,,,,,,,,,,,,,,,,,,,,,,,,,,,,,,,,,,,,,,,,,,,,,,,,,,,,,,,,,,,,,,,,,,,,,,,,,,,,,,,,,,,,,,,,,,,,,,,,,,,,,,,,,,,,,,,,,,,,,,,,,,,,,,,,,,,,,,,,,,,,,,,,,,,,,,,,,,,,,,,,,,,,,,
25148,Saurabh Joshi,Not in scope,Not in scope,"Delta 2 Commercial, Greater Noida",Dropped,,,,,,,,,,,,,,,,,,,,,,,,,,,,,,,,,,,,,,,,,,,,,,,,,,,,,,,,,,,,,,,,,,,,,,,,,,,,,,,,,,,,,,,,,,,,,,,,,,,,,,,,,,,,,,,,,,,,,,,,,,,,,,,,,,,,,,,,,,,,,,,,,,,,,,,,,,,,,,,,,,,,,,,,,,,,,,,,,,,,,,,,,,,,,,,,,,,
25149,Eshaan Goyal,Not in scope,Not in scope,"MRG 6.25 Acres - MLU, Gurugram Sec-90",Hold,,,,,,,,,,,,,,,,,,,,,,,,,,,,,,,,,,,,,,,,,,,,,,,,,,,,,,,,,,,,,,,,,,,,,,,,,,,,,,,,,,,,,,,,,,,,,,,,,,,,,,,,,,,,,,,,,,,,,,,,,,,,,,,,,,,,,,,,,,,,,,,,,,,,,,,,,,,,,,,,,,,,,,,,,,,,,,,,,,,,,,,,,,,,,,,,,,,
25150,Eshaan Goyal,Himanshu Verma,Pallavi Bharadwaj,"Skya Realtech - MLU, Faridabad",Active,,,,,,,,,,,,,,,,,,,,,,,,,,,,,,,,,,,,,,,,,,,,,,,,,,,,,,,,,,,,,,,,,,,,,,,,,,,,,,,,,,,,,,,,,,,,,,,,,,,,,,,,,,,,,,,,,,,,,,,,,,,,,,,,,,,,,,,,,,,,,,,,,,,,,,,,,,,,,,,,,,,,,,,,,,,,,,,,,,,,,,,,,,,,,,,,,,,
25151,Not in scope,Ashulika Arora,Not in scope,"GVC - Sample Apartment, Greater Noida",Active,,,,,,,,,,,,,,,,,,,,,,,,,,,,,,,,,,,,,,,,,,,,,,,,,,,,,,,,,,,,,,,,,,,,,,,,,,,,,,,,,,,,,,,,,,,,,,,,,,,,,,,,,,,,,,,,,,,,,,,,,,,,,,,,,,,,,,,,,,,,,,,,,,,,,,,,,,,,,,,,,,,,,,,,,,,,,,,,,,,,,,,,,,,,,,,,,,,
20006,Subrata Seth,Not in scope,Not in scope,"Apex Quebec - GH, Ghaziabad",Active,,,,,,,03-May-21,02-Sep-24,,,,,,23-Feb-22,12-Jun-23,,,,,,04-May-22,21-Feb-25,,,,,,,,,,,,,,,,,,,,12-May-21,21-Jun-22,,,,,,28-Jun-21,01-Oct-21,,,,,,17-May-21,22-Jul-22,,,,,,04-Aug-21,10-May-23,,,,,,28-Feb-22,01-Sep-22,,,,,,04-May-21,01-Aug-24,,,,,,05-May-21,01-Dec-23,,,,,,15-Feb-22,15-May-24,,,,,,04-Jul-22,23-Nov-23,,,,,,11-Mar-22,01-Dec-23,,,,,,04-May-21,09-Apr-24,,,,,,09-Apr-24,09-Apr-24,,,,,,29-Sep-21,21-Oct-21,,,,,,,,,,,,,01-Oct-21,22-Nov-21,,,,,,10-May-22,02-Aug-23,,,,,,11-Oct-22,22-Jan-24,,,,,,13-May-22,11-Oct-24,,,,,,07-Sep-23,03-Sep-25,,,,,,20-Jun-23,29-Nov-23,,,,,,16-Aug-22,31-Dec-26,,,,,,01-Dec-26,31-Dec-26,,,,,
25153,Saurabh Joshi,Not in scope,Pallavi Bharadwaj,"Hero Realty - Plotted Development, Vrindavan",Active,,,,,,,,,,,,,,,,,,,,,,,,,,,,,,,,,,,,,,,,,,,,,,,,,,,,,,,,,,,,,,,,,,,,,,,,,,,,,,,,,,,,,,,,,,,,,,,,,,,,,,,,,,,,,,,,,,,,,,,,,,,,,,,,,,,,,,,,,,,,,,,,,,,,,,,,,,,,,,,,,,,,,,,,,,,,,,,,,,,,,,,,,,,,,,,,,,,
25154,Not in scope,Surabhi Garg,Not in scope,"Laduree, Kolkata",Closed,,,,,,,,,,,,,,,,,,,,,,,,,,,,,,,,,,,,,,,,,,,,,,,,,,,,,,,,,,,,,,,,,,,,,,,,,,,,,,,,,,,,,,,,,,,,,,,,,,,,,,,,,,,,,,,,,,,,,,,,,,,,,,,,,,,,,,,,,,,,,,,,,,,,,,,,,,,,,,,,,,,,,,,,,,,,,,,,,,,,,,,,,,,,,,,,,,,
22022.4,Subrata Seth,Not in scope,Not in scope,"Ace Acre Ville (100 Acres) - Club & Commercial, Greater Noida Sec-22A",Active,,,,,,,02-Sep-24,19-Mar-25,28-Oct-24,,,,,06-Sep-24,31-Oct-25,,,,,,,,,,,,,,,,,,,,,,,,,,,16-Sep-24,03-Nov-25,,,,,,09-Jan-25,17-Oct-25,,,,,,,,,,,,,,,,,,,,19-Sep-25,15-Oct-25,,,,,,02-Dec-24,17-Sep-25,,,,,,02-Dec-24,14-Nov-25,26-Dec-25,,,,,17-Dec-24,05-Dec-25,26-Dec-25,,,,,,,,,,,,,,,,,,,15-Oct-25,31-Dec-25,13-Feb-26,,,,,15-Oct-25,31-Dec-25,13-Feb-26,,,,,08-Jan-26,,13-Feb-26,,,,,,,,,,,,,,,,,,,01-Sep-25,07-Nov-25,30-Jan-26,,,,,01-Oct-25,12-Dec-25,27-Feb-26,,,,,01-Nov-25,28-Feb-26,30-Jun-26,,,,,,,,,,,,,,,,,,,01-Dec-25,30-Jun-28,,,,,,01-Jun-28,30-Jun-28,,,,,
25156,Not in scope,Not in scope,Pallavi Bharadwaj,"Godrej Golf Links, Carnival Park, Greater Noida Sec-27",Active,,,,,,,,,,,,,,,,,,,,,,,,,,,,,,,,,,,,,,,,,,,,,,,,,,,,,,,,,,,,,,,,,,,,,,,,,,,,,,,,,,,,,,,,,,,,,,,,,,,,,,,,,,,,,,,,,,,,,,,,,,,,,,,,,,,,,,,,,,,,,,,,,,,,,,,,,,,,,,,,,,,,,,,,,,,,,,,,,,,,,,,,,,,,,,,,,,,
25157,Deepak Baxi,Not in scope,Not in scope,"NBCC IOE Hostel, Dhaka Campus, DU",Active,,,,,,,,,,,,,,,,,,,,,,,,,,,,,,,,,,,,,,,,,,,,,,,,,,,,,,,,,,,,,,,,,,,,,,,,,,,,,,,,,,,,,,,,,,,,,,,,,,,,,,,,,,,,,,,,,,,,,,,,,,,,,,,,,,,,,,,,,,,,,,,,,,,,,,,,,,,,,,,,,,,,,,,,,,,,,,,,,,,,,,,,,,,,,,,,,,,
25158,Ashulika Arora,Ashulika Arora,Not in scope,GMR Residence,Active,,,,,,,,,,,,,,,,,,,,,,,,,,,,,,,,,,,,,,,,,,,,,,,,,,,,,,,,,,,,,,,,,,,,,,,,,,,,,,,,,,,,,,,,,,,,,,,,,,,,,,,,,,,,,,,,,,,,,,,,,,,,,,,,,,,,,,,,,,,,,,,,,,,,,,,,,,,,,,,,,,,,,,,,,,,,,,,,,,,,,,,,,,,,,,,,,,,
25159,Not in scope,Ashulika Arora,Not in scope,TARC Club Interiors,Active,,,,,,,,,,,,,,,,,,,,,,,,,,,,,,,,,,,,,,,,,,,,,,,,,,,,,,,,,,,,,,,,,,,,,,,,,,,,,,,,,,,,,,,,,,,,,,,,,,,,,,,,,,,,,,,,,,,,,,,,,,,,,,,,,,,,,,,,,,,,,,,,,,,,,,,,,,,,,,,,,,,,,,,,,,,,,,,,,,,,,,,,,,,,,,,,,,,
22057.2,Subrata Seth,Not in scope,Not in scope,"Ace Estate (68 Acres)- Club & Commercial, Yamuna Express Way, Greater Noida Sec-22D",Active,,,,,,,24-Sep-24,20-Feb-25,,,,,,13-Jan-25,18-Sep-25,,,,,,,,,,,,,,,,,,,,,,,,,,,09-Sep-24,31-Oct-25,,,,,,10-Sep-24,31-Oct-25,,,,,,,,,,,,,,,,,,,,23-Jun-25,31-Oct-25,,,,,,05-Sep-24,20-Mar-25,,,,,,11-Sep-24,12-Nov-25,20-Dec-25,,,,,07-Oct-24,12-Nov-25,20-Dec-25,,,,,,,,,,,,,,,,,,,15-Oct-25,30-Nov-25,31-Dec-25,,,,,15-Oct-25,30-Nov-25,30-Dec-25,,,,,15-Oct-25,30-Nov-26,01-Jan-26,,,,,,,,,,,,,,,,,,,01-Sep-24,04-Nov-25,30-Jan-26,,,,,01-Oct-25,31-Dec-25,06-Feb-26,,,,,01-Nov-25,28-Feb-26,,,,,,,,,,,,,,,,,,,,01-Dec-25,30-Jun-28,,,,,,01-Jun-28,30-Jun-28,,,,,
23083,Subrata Seth,Surabhi Garg,Not in scope,"Titanium SPR (Signature Global) - GH, Gurugram Sec-71 (Phase-1)",Active,,,,,,,22-Jan-24,15-Sep-25,,,,,,27-Feb-24,12-Sep-25,,,,,,01-Jul-25,03-Sep-26,,,,,,,,,,,,,,,,,,,,15-Jan-24,02-Jan-25,,,,,,18-Jan-24,29-Aug-25,,,,,,22-Aug-25,31-Oct-25,,,,,,,,,,,,,15-Apr-24,19-Sep-24,,,,,,18-Jan-24,06-Mar-25,,,,,,15-Jan-24,06-Nov-25,,,,,,18-Jun-24,06-Nov-25,,,,,,22-Aug-25,21-Sep-25,,,,,,,,,,,,,14-May-24,08-Aug-25,,,,,,14-May-24,08-Aug-25,,,,,,14-May-25,08-Aug-25,,,,,,21-Jan-25,14-Feb-25,,,,,,,,,,,,,01-Jun-25,15-Oct-25,,,,,,01-Jun-25,30-Sep-25,23-Feb-26,,,,,16-May-24,31-Oct-25,23-Feb-26,,,,,,,,,,,,20-Jan-25,30-Sep-25,,,,,,03-Jun-25,31-Dec-28,,,,,,01-Dec-28,31-Dec-28,,,,,
25162,Not in scope,Ashulika Arora,Not in scope,"Smart World Cosmos, Gurugram International City",Active,,,,,,,,,,,,,,,,,,,,,,,,,,,,,,,,,,,,,,,,,,,,,,,,,,,,,,,,,,,,,,,,,,,,,,,,,,,,,,,,,,,,,,,,,,,,,,,,,,,,,,,,,,,,,,,,,,,,,,,,,,,,,,,,,,,,,,,,,,,,,,,,,,,,,,,,,,,,,,,,,,,,,,,,,,,,,,,,,,,,,,,,,,,,,,,,,,,
25163,Not in scope,Not in scope,Pallavi Bharadwaj,"Gaur - GH (Landscape), Crossing Republik, Ghaziabad",Active,,,,,,,,,,,,,,,,,,,,,,,,,,,,,,,,,,,,,,,,,,,,,,,,,,,,,,,,,,,,,,,,,,,,,,,,,,,,,,,,,,,,,,,,,,,,,,,,,,,,,,,,,,,,,,,,,,,,,,,,,,,,,,,,,,,,,,,,,,,,,,,,,,,,,,,,,,,,,,,,,,,,,,,,,,,,,,,,,,,,,,,,,,,,,,,,,,,
26164,TBD,Himanshu Verma,Pallavi Bharadwaj,SSR Greater Noida,Active,,,,,,,,,,,,,,,,,,,,,,,,,,,,,,,,,,,,,,,,,,,,,,,,,,,,,,,,,,,,,,,,,,,,,,,,,,,,,,,,,,,,,,,,,,,,,,,,,,,,,,,,,,,,,,,,,,,,,,,,,,,,,,,,,,,,,,,,,,,,,,,,,,,,,,,,,,,,,,,,,,,,,,,,,,,,,,,,,,,,,,,,,,,,,,,,,,,
26165,Saurabh Joshi,Not in scope,Not in scope,"Ace 100 Acre Master Planning, Sec-18 Greater Noida",Active,,,,,,,,,,,,,,,,,,,,,,,,,,,,,,,,,,,,,,,,,,,,,,,,,,,,,,,,,,,,,,,,,,,,,,,,,,,,,,,,,,,,,,,,,,,,,,,,,,,,,,,,,,,,,,,,,,,,,,,,,,,,,,,,,,,,,,,,,,,,,,,,,,,,,,,,,,,,,,,,,,,,,,,,,,,,,,,,,,,,,,,,,,,,,,,,,,,
26166,Ankit Bansal,Not in scope,Not in scope,"Institute of Eminence (IOE),DU-  North Campus Delhi, (NBCC)",Active,,,,,,,,,,,,,,,,,,,,,,,,,,,,,,,,,,,,,,,,,,,,,,,,,,,,,,,,,,,,,,,,,,,,,,,,,,,,,,,,,,,,,,,,,,,,,,,,,,,,,,,,,,,,,,,,,,,,,,,,,,,,,,,,,,,,,,,,,,,,,,,,,,,,,,,,,,,,,,,,,,,,,,,,,,,,,,,,,,,,,,,,,,,,,,,,,,,
24109,Subrata Seth,Not in scope,Not in scope,"Horizon Landmark, Ghaziabad Sec-3",Dropped,,,,,,,,,,,,,,,,,,,,,,,,,,,,,,,,,,,,,,,,,,,,,,,,,,,,,,,,,,,,,,,,,,,,,,,,,,,,,,,,,,,,,,,,,,,,,,,,,,,,,,,,,,,,,,,,,,,,,,,,,,,,,,,,,,,,,,,,,,,,,,,,,,,,,,,,,,,,,,,,,,,,,,,,,,,,,,,,,,,,,,,,,,,,,,,,,,,
BD.1,Ankit Bansal,Not in scope,Not in scope,"CUO, Koraput Odisha",Hold,,,,,,,,,,,,,,,,,,,,,,,,,,,,,,,,,,,,,,,,,,,,,,,,,,,,,,,,,,,,,,,,,,,,,,,,,,,,,,,,,,,,,,,,,,,,,,,,,,,,,,,,,,,,,,,,,,,,,,,,,,,,,,,,,,,,,,,,,,,,,,,,,,,,,,,,,,,,,,,,,,,,,,,,,,,,,,,,,,,,,,,,,,,,,,,,,,,
BD.10,Eshaan Goyal,Not in scope,Not in scope,"Orris Group- 1.07 Acres Hotel- 
Design Pitch",Hold,,,,,,,,,,,,,,,,,,,,,,,,,,,,,,,,,,,,,,,,,,,,,,,,,,,,,,,,,,,,,,,,,,,,,,,,,,,,,,,,,,,,,,,,,,,,,,,,,,,,,,,,,,,,,,,,,,,,,,,,,,,,,,,,,,,,,,,,,,,,,,,,,,,,,,,,,,,,,,,,,,,,,,,,,,,,,,,,,,,,,,,,,,,,,,,,,,,
BD.11,Not in scope,Surabhi Garg,Not in scope,County Plotted Development Rishikesh (Interiors),Hold,,,,,,,,,,,,,,,,,,,,,,,,,,,,,,,,,,,,,,,,,,,,,,,,,,,,,,,,,,,,,,,,,,,,,,,,,,,,,,,,,,,,,,,,,,,,,,,,,,,,,,,,,,,,,,,,,,,,,,,,,,,,,,,,,,,,,,,,,,,,,,,,,,,,,,,,,,,,,,,,,,,,,,,,,,,,,,,,,,,,,,,,,,,,,,,,,,,
BD.12,Saurabh Joshi,Not in scope,Not in scope,RPS Dasna,Dropped,,,,,,,,,,,,,,,,,,,,,,,,,,,,,,,,,,,,,,,,,,,,,,,,,,,,,,,,,,,,,,,,,,,,,,,,,,,,,,,,,,,,,,,,,,,,,,,,,,,,,,,,,,,,,,,,,,,,,,,,,,,,,,,,,,,,,,,,,,,,,,,,,,,,,,,,,,,,,,,,,,,,,,,,,,,,,,,,,,,,,,,,,,,,,,,,,,,
BD.13,Saurabh Joshi,Not in scope,Not in scope,GPRA Delhi,Dropped,,,,,,,,,,,,,,,,,,,,,,,,,,,,,,,,,,,,,,,,,,,,,,,,,,,,,,,,,,,,,,,,,,,,,,,,,,,,,,,,,,,,,,,,,,,,,,,,,,,,,,,,,,,,,,,,,,,,,,,,,,,,,,,,,,,,,,,,,,,,,,,,,,,,,,,,,,,,,,,,,,,,,,,,,,,,,,,,,,,,,,,,,,,,,,,,,,,
BD.14,Saurabh Joshi,Not in scope,Not in scope,"Godrej Plotted Development, Vrindavan",Active,,,,,,,,,,,,,,,,,,,,,,,,,,,,,,,,,,,,,,,,,,,,,,,,,,,,,,,,,,,,,,,,,,,,,,,,,,,,,,,,,,,,,,,,,,,,,,,,,,,,,,,,,,,,,,,,,,,,,,,,,,,,,,,,,,,,,,,,,,,,,,,,,,,,,,,,,,,,,,,,,,,,,,,,,,,,,,,,,,,,,,,,,,,,,,,,,,,
BD.15,Saurabh Joshi,Not in scope,Not in scope,Ashiana - GH,Hold,,,,,,,,,,,,,,,,,,,,,,,,,,,,,,,,,,,,,,,,,,,,,,,,,,,,,,,,,,,,,,,,,,,,,,,,,,,,,,,,,,,,,,,,,,,,,,,,,,,,,,,,,,,,,,,,,,,,,,,,,,,,,,,,,,,,,,,,,,,,,,,,,,,,,,,,,,,,,,,,,,,,,,,,,,,,,,,,,,,,,,,,,,,,,,,,,,,
BD.16,Eshaan Goyal,Not in scope,Not in scope,"RST School, Greater Noida",Hold,,,,,,,,,,,,,,,,,,,,,,,,,,,,,,,,,,,,,,,,,,,,,,,,,,,,,,,,,,,,,,,,,,,,,,,,,,,,,,,,,,,,,,,,,,,,,,,,,,,,,,,,,,,,,,,,,,,,,,,,,,,,,,,,,,,,,,,,,,,,,,,,,,,,,,,,,,,,,,,,,,,,,,,,,,,,,,,,,,,,,,,,,,,,,,,,,,,
BD.17,Saurabh Joshi,Not in scope,Not in scope,"Bhutani, Greater NOIDA West Sec-12",Hold,,,,,,,,,,,,,,,,,,,,,,,,,,,,,,,,,,,,,,,,,,,,,,,,,,,,,,,,,,,,,,,,,,,,,,,,,,,,,,,,,,,,,,,,,,,,,,,,,,,,,,,,,,,,,,,,,,,,,,,,,,,,,,,,,,,,,,,,,,,,,,,,,,,,,,,,,,,,,,,,,,,,,,,,,,,,,,,,,,,,,,,,,,,,,,,,,,,
BD.18,Not in scope,Surabhi Garg,Not in scope,"Crazy Pizza, Delhi (Interiors)",Active,,,,,,,,,,,,,,,,,,,,,,,,,,,,,,,,,,,,,,,,,,,,,,,,,,,,,,,,,,,,,,,,,,,,,,,,,,,,,,,,,,,,,,,,,,,,,,,,,,,,,,,,,,,,,,,,,,,,,,,,,,,,,,,,,,,,,,,,,,,,,,,,,,,,,,,,,,,,,,,,,,,,,,,,,,,,,,,,,,,,,,,,,,,,,,,,,,,
BD.19,Saurabh Joshi,Not in scope,Not in scope,"Lumora, Garh Mukteshwar",Hold,,,,,,,,,,,,,,,,,,,,,,,,,,,,,,,,,,,,,,,,,,,,,,,,,,,,,,,,,,,,,,,,,,,,,,,,,,,,,,,,,,,,,,,,,,,,,,,,,,,,,,,,,,,,,,,,,,,,,,,,,,,,,,,,,,,,,,,,,,,,,,,,,,,,,,,,,,,,,,,,,,,,,,,,,,,,,,,,,,,,,,,,,,,,,,,,,,,
BD.2,Eshaan Goyal,Not in scope,Not in scope,"County Experience Center, Sec-151",Closed,,,,,,,,,,,,,,,,,,,,,,,,,,,,,,,,,,,,,,,,,,,,,,,,,,,,,,,,,,,,,,,,,,,,,,,,,,,,,,,,,,,,,,,,,,,,,,,,,,,,,,,,,,,,,,,,,,,,,,,,,,,,,,,,,,,,,,,,,,,,,,,,,,,,,,,,,,,,,,,,,,,,,,,,,,,,,,,,,,,,,,,,,,,,,,,,,,,
BD.21,Saurabh Joshi,Not in scope,Not in scope,"Godrej-GH, Noida Sec-44",Hold,,,,,,,,,,,,,,,,,,,,,,,,,,,,,,,,,,,,,,,,,,,,,,,,,,,,,,,,,,,,,,,,,,,,,,,,,,,,,,,,,,,,,,,,,,,,,,,,,,,,,,,,,,,,,,,,,,,,,,,,,,,,,,,,,,,,,,,,,,,,,,,,,,,,,,,,,,,,,,,,,,,,,,,,,,,,,,,,,,,,,,,,,,,,,,,,,,,
BD.22,Saurabh Joshi,Not in scope,Not in scope,"Rudra Vardaan-GH, Lucknow",Hold,,,,,,,,,,,,,,,,,,,,,,,,,,,,,,,,,,,,,,,,,,,,,,,,,,,,,,,,,,,,,,,,,,,,,,,,,,,,,,,,,,,,,,,,,,,,,,,,,,,,,,,,,,,,,,,,,,,,,,,,,,,,,,,,,,,,,,,,,,,,,,,,,,,,,,,,,,,,,,,,,,,,,,,,,,,,,,,,,,,,,,,,,,,,,,,,,,,
BD.23,Not in scope,Ashulika Arora,Not in scope,"Gaur Mulberry Villa, Greater Noida",Active,,,,,,,,,,,,,,,,,,,,,,,,,,,,,,,,,,,,,,,,,,,,,,,,,,,,,,,,,,,,,,,,,,,,,,,,,,,,,,,,,,,,,,,,,,,,,,,,,,,,,,,,,,,,,,,,,,,,,,,,,,,,,,,,,,,,,,,,,,,,,,,,,,,,,,,,,,,,,,,,,,,,,,,,,,,,,,,,,,,,,,,,,,,,,,,,,,,
BD.24,Not in scope,Surabhi Garg,Not in scope,"County - Common Area Interior, Noida Sec-151",Hold,,,,,,,,,,,,,,,,,,,,,,,,,,,,,,,,,,,,,,,,,,,,,,,,,,,,,,,,,,,,,,,,,,,,,,,,,,,,,,,,,,,,,,,,,,,,,,,,,,,,,,,,,,,,,,,,,,,,,,,,,,,,,,,,,,,,,,,,,,,,,,,,,,,,,,,,,,,,,,,,,,,,,,,,,,,,,,,,,,,,,,,,,,,,,,,,,,,
BD.25,Saurabh Joshi,Not in scope,Not in scope,"Jaypee Sports City - GH, F9 Yeida Sec-25",Hold,,,,,,,,,,,,,,,,,,,,,,,,,,,,,,,,,,,,,,,,,,,,,,,,,,,,,,,,,,,,,,,,,,,,,,,,,,,,,,,,,,,,,,,,,,,,,,,,,,,,,,,,,,,,,,,,,,,,,,,,,,,,,,,,,,,,,,,,,,,,,,,,,,,,,,,,,,,,,,,,,,,,,,,,,,,,,,,,,,,,,,,,,,,,,,,,,,,
BD.26,Not in scope,Surabhi Garg,Not in scope,"77 Lodhi Estate, New Delhi",Dropped,,,,,,,,,,,,,,,,,,,,,,,,,,,,,,,,,,,,,,,,,,,,,,,,,,,,,,,,,,,,,,,,,,,,,,,,,,,,,,,,,,,,,,,,,,,,,,,,,,,,,,,,,,,,,,,,,,,,,,,,,,,,,,,,,,,,,,,,,,,,,,,,,,,,,,,,,,,,,,,,,,,,,,,,,,,,,,,,,,,,,,,,,,,,,,,,,,,
BD.28,Not in scope,Ashulika Arora,Not in scope,"Jade County - Common Area Interior, Wave City, Ghaziabad",Dropped,,,,,,,,,,,,,,,,,,,,,,,,,,,,,,,,,,,,,,,,,,,,,,,,,,,,,,,,,,,,,,,,,,,,,,,,,,,,,,,,,,,,,,,,,,,,,,,,,,,,,,,,,,,,,,,,,,,,,,,,,,,,,,,,,,,,,,,,,,,,,,,,,,,,,,,,,,,,,,,,,,,,,,,,,,,,,,,,,,,,,,,,,,,,,,,,,,,
BD.3,Ankit Bansal,Not in scope,Not in scope,"NBCC BIS - Headquarters, Delhi",Hold,,,,,,,,,,,,,,,,,,,,,,,,,,,,,,,,,,,,,,,,,,,,,,,,,,,,,,,,,,,,,,,,,,,,,,,,,,,,,,,,,,,,,,,,,,,,,,,,,,,,,,,,,,,,,,,,,,,,,,,,,,,,,,,,,,,,,,,,,,,,,,,,,,,,,,,,,,,,,,,,,,,,,,,,,,,,,,,,,,,,,,,,,,,,,,,,,,,
BD.30,Ankit Bansal,Not in scope,Not in scope,"NBCC DUSIB Office Building, New Delhi",Active,,,,,,,,,,,,,,,,,,,,,,,,,,,,,,,,,,,,,,,,,,,,,,,,,,,,,,,,,,,,,,,,,,,,,,,,,,,,,,,,,,,,,,,,,,,,,,,,,,,,,,,,,,,,,,,,,,,,,,,,,,,,,,,,,,,,,,,,,,,,,,,,,,,,,,,,,,,,,,,,,,,,,,,,,,,,,,,,,,,,,,,,,,,,,,,,,,,
BD.31,Not in scope,Surabhi Garg,Not in scope,"County Apartment, CWG Village",Active,,,,,,,,,,,,,,,,,,,,,,,,,,,,,,,,,,,,,,,,,,,,,,,,,,,,,,,,,,,,,,,,,,,,,,,,,,,,,,,,,,,,,,,,,,,,,,,,,,,,,,,,,,,,,,,,,,,,,,,,,,,,,,,,,,,,,,,,,,,,,,,,,,,,,,,,,,,,,,,,,,,,,,,,,,,,,,,,,,,,,,,,,,,,,,,,,,,
BD.32,Eshaan Goyal,Not in scope,Not in scope,"M3M Jacob & Co., Noida (Interiors)",Dropped,,,,,,,,,,,,,,,,,,,,,,,,,,,,,,,,,,,,,,,,,,,,,,,,,,,,,,,,,,,,,,,,,,,,,,,,,,,,,,,,,,,,,,,,,,,,,,,,,,,,,,,,,,,,,,,,,,,,,,,,,,,,,,,,,,,,,,,,,,,,,,,,,,,,,,,,,,,,,,,,,,,,,,,,,,,,,,,,,,,,,,,,,,,,,,,,,,,
BD.33,Eshaan Goyal,Not in scope,Not in scope,"Godrej 12 Acres - GH, YEIDA",Closed,,,,,,,,,,,,,,,,,,,,,,,,,,,,,,,,,,,,,,,,,,,,,,,,,,,,,,,,,,,,,,,,,,,,,,,,,,,,,,,,,,,,,,,,,,,,,,,,,,,,,,,,,,,,,,,,,,,,,,,,,,,,,,,,,,,,,,,,,,,,,,,,,,,,,,,,,,,,,,,,,,,,,,,,,,,,,,,,,,,,,,,,,,,,,,,,,,,
BD.34,Eshaan Goyal,Not in scope,Not in scope,"Sumadhura Platinum Square, Bengaluru",Active,,,,,,,,,,,,,,,,,,,,,,,,,,,,,,,,,,,,,,,,,,,,,,,,,,,,,,,,,,,,,,,,,,,,,,,,,,,,,,,,,,,,,,,,,,,,,,,,,,,,,,,,,,,,,,,,,,,,,,,,,,,,,,,,,,,,,,,,,,,,,,,,,,,,,,,,,,,,,,,,,,,,,,,,,,,,,,,,,,,,,,,,,,,,,,,,,,,
BD.35,Eshaan Goyal,Not in scope,Not in scope,"Godrej 11 Acres, Gurugram - Feasibility",Active,,,,,,,,,,,,,,,,,,,,,,,,,,,,,,,,,,,,,,,,,,,,,,,,,,,,,,,,,,,,,,,,,,,,,,,,,,,,,,,,,,,,,,,,,,,,,,,,,,,,,,,,,,,,,,,,,,,,,,,,,,,,,,,,,,,,,,,,,,,,,,,,,,,,,,,,,,,,,,,,,,,,,,,,,,,,,,,,,,,,,,,,,,,,,,,,,,,
BD.36,Saurabh Joshi,Not in scope,Not in scope,"Urban Axis Commecrial, Lucknow",Hold,,,,,,,,,,,,,,,,,,,,,,,,,,,,,,,,,,,,,,,,,,,,,,,,,,,,,,,,,,,,,,,,,,,,,,,,,,,,,,,,,,,,,,,,,,,,,,,,,,,,,,,,,,,,,,,,,,,,,,,,,,,,,,,,,,,,,,,,,,,,,,,,,,,,,,,,,,,,,,,,,,,,,,,,,,,,,,,,,,,,,,,,,,,,,,,,,,,
24110,Subrata Seth,Surabhi Garg,Not in scope,"Cloverdale SPR (Signature Global) - GH, Gurugram Sec-71 (Phase-2)",Active,,,,,,,15-Dec-24,31-Jan-25,,,,,,01-Jan-25,31-Jan-25,,,,,,01-Oct-25,07-Nov-25,,,,,,,,,,,,,,,,,,,,22-Jul-25,14-Nov-25,,,,,,22-Jul-25,14-Nov-25,,,,,,07-Nov-25,06-Dec-25,,,,,,,,,,,,,01-Apr-25,10-Oct-25,,,,,,17-Feb-25,30-Jun-25,,,,,,22-Aug-25,16-Jan-26,,,,,,01-Oct-25,30-Jan-26,30-Mar-26,,,,,07-Nov-25,06-Dec-25,,,,,,,,,,,,,15-Oct-25,13-Feb-26,,,,,,15-Oct-25,13-Feb-26,,,,,,15-Oct-25,13-Feb-26,,,,,,07-Dec-25,21-Dec-25,,,,,,,,,,,,,01-Oct-25,06-Mar-26,,,,,,16-Oct-25,20-Mar-26,29-May-26,,,,,01-Jan-26,30-May-26,,,,,,,,,,,,,22-Dec-25,31-Jan-26,,,,,,01-Oct-25,30-Sep-29,,,,,,01-May-29,01-Jun-29,,,,,
BD.4,Eshaan Goyal,Not in scope,Not in scope,M3M The Cullinan Trump Tower Sec -94 (Interiors),Hold,,,,,,,,,,,,,,,,,,,,,,,,,,,,,,,,,,,,,,,,,,,,,,,,,,,,,,,,,,,,,,,,,,,,,,,,,,,,,,,,,,,,,,,,,,,,,,,,,,,,,,,,,,,,,,,,,,,,,,,,,,,,,,,,,,,,,,,,,,,,,,,,,,,,,,,,,,,,,,,,,,,,,,,,,,,,,,,,,,,,,,,,,,,,,,,,,,,
25131,Subrata Seth,Not in scope,Not in scope,"Milestone Commercial, Yamuna Expressway Sec-22D",Hold,,,,,,,,,,,,,,,,,,,,,,,,,,,,,,,,,,,,,,,,,,,,,,,,,,,,,,,,,,,,,,,,,,,,,,,,,,,,,,,,,,,,,,,,,,,,,,,,,,,,,,,,,,,,,,,,,,,,,,,,,,,,,,,,,,,,,,,,,,,,,,,,,,,,,,,,,,,,,,,,,,,,,,,,,,,,,,,,,,,,,,,,,,,,,,,,,,,
BD.41,Not in scope,Not in scope,Pallavi Bharadwaj,"Apex Serene Residency - Landscape, Greater Noida",Active,,,,,,,,,,,,,,,,,,,,,,,,,,,,,,,,,,,,,,,,,,,,,,,,,,,,,,,,,,,,,,,,,,,,,,,,,,,,,,,,,,,,,,,,,,,,,,,,,,,,,,,,,,,,,,,,,,,,,,,,,,,,,,,,,,,,,,,,,,,,,,,,,,,,,,,,,,,,,,,,,,,,,,,,,,,,,,,,,,,,,,,,,,,,,,,,,,,
25141,Subrata Seth,Surabhi Garg,Not in scope,"Apex Serene Residency - GH, Greater Noida",Active,,,,,,,24-Jun-25,12-Sep-25,,,,,,12-Sep-25,10-Oct-25,15-Jan-26,,,,,,,,,,,,,,,,,,,15-Oct-25,31-Oct-25,15-Jan-26,,,,,01-Nov-25,15-Dec-25,,,,,,16-Dec-25,31-Jan-26,,,,,,16-Dec-25,31-Jan-26,,,,,,,,,,,,,16-Jan-26,28-Feb-26,,,,,,15-Dec-25,16-Jan-26,,,,,,15-Dec-25,16-Jan-26,,,,,,15-Dec-25,15-Jan-26,,,,,,15-Dec-25,15-Jan-26,,,,,,,,,,,,,15-Dec-25,15-Jan-26,,,,,,15-Jan-26,15-Feb-26,,,,,,16-Feb-26,28-Feb-26,,,,,,,,,,,,,,,,,,,,16-Feb-26,28-Feb-26,,,,,,01-Mar-26,30-Apr-26,,,,,,01-Apr-26,30-Jun-26,,,,,,,,,,,,,,,,,,,,01-Feb-26,01-Feb-30,,,,,,01-Dec-29,01-Feb-30,,,,,
BD.44,Eshaan Goyal,Not in scope,Not in scope,"Gurukul Foundation School, Kashipur",Active,,,,,,,,,,,,,,,,,,,,,,,,,,,,,,,,,,,,,,,,,,,,,,,,,,,,,,,,,,,,,,,,,,,,,,,,,,,,,,,,,,,,,,,,,,,,,,,,,,,,,,,,,,,,,,,,,,,,,,,,,,,,,,,,,,,,,,,,,,,,,,,,,,,,,,,,,,,,,,,,,,,,,,,,,,,,,,,,,,,,,,,,,,,,,,,,,,,
BD.45,Saurabh Joshi,Not in scope,Not in scope,"Godrej Commercial, Sec-10, Noida",Active,,,,,,,,,,,,,,,,,,,,,,,,,,,,,,,,,,,,,,,,,,,,,,,,,,,,,,,,,,,,,,,,,,,,,,,,,,,,,,,,,,,,,,,,,,,,,,,,,,,,,,,,,,,,,,,,,,,,,,,,,,,,,,,,,,,,,,,,,,,,,,,,,,,,,,,,,,,,,,,,,,,,,,,,,,,,,,,,,,,,,,,,,,,,,,,,,,,
BD.46,Not in scope,Ashulika Arora,Not in scope,"M3M The Cullinan - Penthouse, NOIDA Sec-94",Hold,,,,,,,,,,,,,,,,,,,,,,,,,,,,,,,,,,,,,,,,,,,,,,,,,,,,,,,,,,,,,,,,,,,,,,,,,,,,,,,,,,,,,,,,,,,,,,,,,,,,,,,,,,,,,,,,,,,,,,,,,,,,,,,,,,,,,,,,,,,,,,,,,,,,,,,,,,,,,,,,,,,,,,,,,,,,,,,,,,,,,,,,,,,,,,,,,,,
BD.47,Ankit Bansal,Not in scope,Not in scope,"DUSIB Redevelopment, Bhalswa",Hold,,,,,,,,,,,,,,,,,,,,,,,,,,,,,,,,,,,,,,,,,,,,,,,,,,,,,,,,,,,,,,,,,,,,,,,,,,,,,,,,,,,,,,,,,,,,,,,,,,,,,,,,,,,,,,,,,,,,,,,,,,,,,,,,,,,,,,,,,,,,,,,,,,,,,,,,,,,,,,,,,,,,,,,,,,,,,,,,,,,,,,,,,,,,,,,,,,,
BD.48,Saurabh Joshi,Not in scope,Not in scope,"Ace A6, Sec-150",Active,,,,,,,,,,,,,,,,,,,,,,,,,,,,,,,,,,,,,,,,,,,,,,,,,,,,,,,,,,,,,,,,,,,,,,,,,,,,,,,,,,,,,,,,,,,,,,,,,,,,,,,,,,,,,,,,,,,,,,,,,,,,,,,,,,,,,,,,,,,,,,,,,,,,,,,,,,,,,,,,,,,,,,,,,,,,,,,,,,,,,,,,,,,,,,,,,,,
BD.5,Eshaan Goyal,Not in scope,Not in scope,M3M Trump Tower Sec -94 (Façade),Hold,,,,,,,,,,,,,,,,,,,,,,,,,,,,,,,,,,,,,,,,,,,,,,,,,,,,,,,,,,,,,,,,,,,,,,,,,,,,,,,,,,,,,,,,,,,,,,,,,,,,,,,,,,,,,,,,,,,,,,,,,,,,,,,,,,,,,,,,,,,,,,,,,,,,,,,,,,,,,,,,,,,,,,,,,,,,,,,,,,,,,,,,,,,,,,,,,,,
BD.6,Eshaan Goyal,Not in scope,Not in scope,"Mormugao - GH, Goa",Hold,,,,,,,,,,,,,,,,,,,,,,,,,,,,,,,,,,,,,,,,,,,,,,,,,,,,,,,,,,,,,,,,,,,,,,,,,,,,,,,,,,,,,,,,,,,,,,,,,,,,,,,,,,,,,,,,,,,,,,,,,,,,,,,,,,,,,,,,,,,,,,,,,,,,,,,,,,,,,,,,,,,,,,,,,,,,,,,,,,,,,,,,,,,,,,,,,,,
BD.7,Eshaan Goyal,Not in scope,Not in scope,"Omaxe Riyasat, Noida",Hold,,,,,,,,,,,,,,,,,,,,,,,,,,,,,,,,,,,,,,,,,,,,,,,,,,,,,,,,,,,,,,,,,,,,,,,,,,,,,,,,,,,,,,,,,,,,,,,,,,,,,,,,,,,,,,,,,,,,,,,,,,,,,,,,,,,,,,,,,,,,,,,,,,,,,,,,,,,,,,,,,,,,,,,,,,,,,,,,,,,,,,,,,,,,,,,,,,,
BD.9,Saurabh Joshi,Not in scope,Not in scope,"Orris 100 Acres, YEIDA Sec-22D",Hold,,,,,,,,,,,,,,,,,,,,,,,,,,,,,,,,,,,,,,,,,,,,,,,,,,,,,,,,,,,,,,,,,,,,,,,,,,,,,,,,,,,,,,,,,,,,,,,,,,,,,,,,,,,,,,,,,,,,,,,,,,,,,,,,,,,,,,,,,,,,,,,,,,,,,,,,,,,,,,,,,,,,,,,,,,,,,,,,,,,,,,,,,,,,,,,,,,,
